domain,category
com.peemedia,Y
peemedia.com,Y
Watchshemaleporn.com,Y
sexocaseroporno.com,Y
climbingporn.co.uk,Y
touchgirlssx.porn,Y
pornsos.com,Y
poemporn.com,Y
porneq.com,Y
vintageporntubes.com,Y
wordsporn.com,Y
pornharmony.com,Y
fuckgayporn.com,Y
alsoporn.com,Y
easyporn.tv,Y
pornado.co,Y
recipeporn.com,Y
sexporncum.com,Y
pornhdx.tv,Y
realblackporn.org,Y
nakeporn.com,Y
6lesbianporn.com,Y
nolafoodporn.com,Y
sonorousporn.com,Y
voyeurporntube.me,Y
pornmovie69.net,Y
teengporn.com,Y
youngporn.club,Y
pornzog.com,Y
cosasagapornis.com,Y
pornfromcz.com,Y
porncomics.pro,Y
youngporn.video,Y
indianporn.pro,Y
alphaporno.com,Y
paulsporn.com,Y
porn0sex.net,Y
ebonyporn.pro,Y
pornuu.com,Y
gifporntube.com,Y
moreblackporn.com,Y
retroporn.me,Y
virginpornstar.com,Y
retroporn.pro,Y
grannypornpics.pro,Y
techporn.ph,Y
com.mobileposse.client,Y
com.surpax.ledflashlight.panel,Y
asdfasdf.com,Y
asdfasdfasdfsadf.com,Y
asdfsadfasdf.asdfsadfsadf,Y
asfasfasdfasfsadfasdfasdfasdfasfasfasdf.com,Y
apptest.com,Y
makemoneyadultcontent.com,Y
maxxyes.com,Y
com.imgur.mobile,Y
imgurmobile,Y
com.imgur.mobilf,Y
9tsu.com,Y
pornhub.com,Y
xvideos.com,Y
livejasmin.com,Y
xhamster.com,Y
xnxx.com,Y
chaturbate.com,Y
redtube.com,Y
youporn.com,Y
beeg.com,Y
doublepimp.com,Y
dmm.co.jp,Y
vporn.com,Y
sex.com,Y
tube8.com,Y
youjizz.com,Y
flirt4free.com,Y
perfectgirls.net,Y
motherless.com,Y
cam4.com,Y
myfreecams.com,Y
xtube.com,Y
drtuber.com,Y
porn.com,Y
eporner.com,Y
pornhublive.com,Y
pornmd.com,Y
nuvid.com,Y
clips4sale.com,Y
serviporno.com,Y
ixxx.com,Y
spankwire.com,Y
adultfriendfinder.com,Y
fetlife.com,Y
pornolab.net,Y
bravotube.net,Y
literotica.com,Y
porntube.com,Y
4tube.com,Y
vipergirls.to,Y
anyporn.com,Y
anysex.com,Y
freeones.com,Y
keezmovies.com,Y
freecamsexposed.com,Y
pornoxo.com,Y
sunporno.com,Y
shooshtime.com,Y
iceporn.com,Y
hentai-foundry.com,Y
pornbb.org,Y
video-one.com,Y
adam4adam.com,Y
hot-sex-tube.com,Y
pornerbros.com,Y
4porn.com,Y
furaffinity.net,Y
hq-sex-tube.com,Y
hellporno.com,Y
oglaf.com,Y
kindgirls.com,Y
mrskin.com,Y
yourlust.com,Y
iknowthatgirl.com,Y
indianpornvideos.com,Y
imlive.com,Y
largeporntube.com,Y
iafd.com,Y
xvideo-jp.com,Y
southern-charms.com,Y
digitalplayground.com,Y
pornicom.com,Y
sambaporno.com,Y
adultdvdempire.com,Y
empornium.me,Y
alotporn.com,Y
streamate.com,Y
proporn.com,Y
asstr.org,Y
ftvgirls.com,Y
celebritymoviearchive.com,Y
jjgirls.com,Y
suicidegirls.com,Y
dojki.com,Y
vintage-erotica-forum.com,Y
youporngay.com,Y
inkbunny.net,Y
manhunt.net,Y
pornsharing.com,Y
squirt.org,Y
adultdvdtalk.com,Y
hardsextube.com,Y
realgfporn.com,Y
sex3.com,Y
sexlog.com,Y
nifty.org,Y
newzealandgirls.co.nz,Y
tokyo-porn-tube.com,Y
voyeurweb.com,Y
payserve.com,Y
lupoporno.com,Y
h2porn.com,Y
indiansexstories.net,Y
theeroticreview.com,Y
fling.com,Y
joerogan.net,Y
xxxaporn.com,Y
adameve.com,Y
toroporno.com,Y
winporn.com,Y
private.com,Y
pornoid.com,Y
xvideos-field5.com,Y
aventertainments.com,Y
fabswingers.com,Y
porn-w.org,Y
swinglifestyle.com,Y
parispornmovies.com,Y
scoreland.com,Y
pornomovies.com,Y
girlsofdesire.org,Y
cerdas.com,Y
pornorama.com,Y
babesandgirls.com,Y
femjoy.com,Y
aebn.net,Y
playboy.com,Y
worldsex.com,Y
aztecaporno.com,Y
benaughty.com,Y
peachyforum.com,Y
youngpornvideos.com,Y
girlfriendvideos.com,Y
videosexarchive.com,Y
get-a-fuck-tonight.com,Y
recon.com,Y
jlist.com,Y
sextubeset.com,Y
lovehoney.co.uk,Y
goldporntube.com,Y
hugesex.tv,Y
pornpros.com,Y
pornteengirl.com,Y
inthecrack.com,Y
intporn.com,Y
thenewporn.com,Y
fleshbot.com,Y
mcstories.com,Y
fleshlight.com,Y
bravoteens.com,Y
dudesnude.com,Y
videobox.com,Y
gaytimes.co.uk,Y
newsextv.com,Y
niteflirt.com,Y
sofurry.com,Y
xhamstercams.com,Y
mplstudios.com,Y
onlydudes.com,Y
xlgirls.com,Y
milovana.com,Y
somethingpositive.net,Y
gamelink.com,Y
exgirlfriendmarket.com,Y
sdc.com,Y
lookforporn.com,Y
sensualgirls.org,Y
lushstories.com,Y
avn.com,Y
yepporn.com,Y
hotgirlclub.com,Y
blacksonblondes.com,Y
mycamgirl.net,Y
freepornvs.com,Y
abbywinters.com,Y
tonightsgirlfriend.com,Y
annsummers.com,Y
morefreecamsecrets.com,Y
mycams.com,Y
lucasentertainment.com,Y
odloty.pl,Y
cityvibe.com,Y
pleasuregirl.net,Y
xvideo.com,Y
megasesso.com,Y
renderotica.com,Y
asianscreens.com,Y
alsscan.com,Y
wifelovers.com,Y
menagea3.net,Y
manjam.com,Y
fantasyfeeder.com,Y
taschen.com,Y
sucksex.com,Y
escort-ireland.com,Y
yourdailygirls.com,Y
xbiz.com,Y
beastforum.com,Y
asexstories.com,Y
teendreams.com,Y
linkshit.com,Y
belamionline.com,Y
sextube.fm,Y
cndb.com,Y
pornmaki.com,Y
nakedsword.com,Y
livejasminbabes.net,Y
falconstudios.com,Y
bdsmlibrary.com,Y
biggercity.com,Y
drago99.com,Y
nakednews.com,Y
killsometime.com,Y
myfriendsfeet.com,Y
karupspc.com,Y
nitrovideo.com,Y
xvideos-field.com,Y
penthouse.com,Y
wowgirls.com,Y
clubseventeen.com,Y
truthordarepics.com,Y
extremerestraints.com,Y
momsexclipz.com,Y
gaydemon.com,Y
rabbitsreviews.com,Y
adultdvdmarketplace.com,Y
stileproject.com,Y
wtfpeople.com,Y
kristenbjorn.com,Y
pornper.com,Y
adultmatchmaker.com.au,Y
edenfantasys.com,Y
realdoll.com,Y
swingingheaven.za.com,Y
dofantasy.com,Y
kasidie.com,Y
nerve.com,Y
redvelvet.co.za,Y
fritchy.com,Y
1by-day.com,Y
sunnyleone.com,Y
burningangel.com,Y
roccosiffredi.com,Y
jackinchat.com,Y
al4a.com,Y
projectvoyeur.com,Y
thevalkyrie.com,Y
atkexotics.com,Y
wifeysworld.com,Y
tubepornkiss.com,Y
prostoporno.net,Y
jabarchives.com,Y
pornup.me,Y
your-daily-girl.com,Y
tthfanfic.org,Y
chatropolis.com,Y
maturekingdom.com,Y
dollforum.com,Y
tlavideo.com,Y
hotpornshow.com,Y
perfectgirls.es,Y
xcritic.com,Y
jsexnetwork.com,Y
hqseek.com,Y
williamhiggins.com,Y
xcams.com,Y
amateurcool.com,Y
devilsfilm.com,Y
2adultflashgames.com,Y
bilatinmen.com,Y
xvideoslive.com,Y
xhamsterhq.com,Y
swingingheaven.co.uk,Y
kellymadison.com,Y
brianspage.com,Y
onlygirlvideos.com,Y
hotgirls4all.com,Y
malespank.net,Y
javmodel.com,Y
tgpdog.com,Y
pornzeus.com,Y
joyourself.com,Y
thebestporn.com,Y
redhotpie.com.au,Y
thefreecamsecret.com,Y
eroticasearch.net,Y
amateurindex.com,Y
babeland.com,Y
wb270.com,Y
xrentdvd.com,Y
excaliburfilms.com,Y
mr-s-leather.com,Y
goodvibes.com,Y
stockroom.com,Y
naughtyallie.com,Y
findadeath.com,Y
xhamster.vc,Y
sexstoriespost.com,Y
ronharris.com,Y
sapphicerotica.com,Y
hothouse.com,Y
sexytube.me,Y
secretfriends.com,Y
18schoolgirlz.com,Y
crazyxxx3dworld.com,Y
sexyjobs.com,Y
1webcamgirls.com,Y
pinkvisual.com,Y
awal.com,Y
liberator.com,Y
asianthumbs.org,Y
dirtyplace.com,Y
actionjav.com,Y
pornyeah.com,Y
peekshows.com,Y
dickievirgin.com,Y
smutjunkies.com,Y
perfectcamgirls.com,Y
sexasian18.com,Y
stop-sex.com,Y
peepholecam.com,Y
wickedtemptations.com,Y
lustomic.com,Y
honour.co.uk,Y
erotic4u.com,Y
bigmuscle.com,Y
lezlovevideo.com,Y
divaescort.com,Y
jimslip.com,Y
lady-sonia.com,Y
taratainton.com,Y
adultspace.com,Y
black-tgirls.com,Y
orgymania.net,Y
allinternal.com,Y
asstraffic.com,Y
stripperweb.com,Y
moreystudio.com,Y
eunuch.org,Y
jastusa.com,Y
punternet.com,Y
sublimedirectory.com,Y
mikesouth.com,Y
iseekgirls.com,Y
asacp.org,Y
houseofgord.com,Y
ladirectmodels.com,Y
superheroinecentral.com,Y
latinboyz.com,Y
femaledom.com,Y
peternorth.com,Y
jbvideo.com,Y
metartgirlz.com,Y
cartoonvalley.com,Y
nude-in-public.com,Y
femdomcity.com,Y
coccozella.com,Y
celebta.com,Y
sexycaracas.com,Y
blissbox.com,Y
hush-hush.com,Y
stocking-mania.com,Y
erosblog.com,Y
celebritybeauties.net,Y
eroticillusions.com,Y
futilestruggles.com,Y
mycuteasian.com,Y
selectanescort.com,Y
restrainedelegance.com,Y
kaktuz.com,Y
myfirsttime.com,Y
hdpornvideo.xxx,Y
nudeafrica.com,Y
modelstied.com,Y
bellybuilders.com,Y
brazilian-transsexuals.com,Y
wasteland.com,Y
cuckold-chastity-belt-stories.com,Y
worldwidewives.com,Y
pepsaga.com,Y
fantasies.com,Y
capturedguys.com,Y
loverslane.com,Y
bushdvd.com,Y
teensextube.xxx,Y
angelsoflondon.com,Y
webyoung.com,Y
cumm.co.uk,Y
askjolene.com,Y
toons-empire.com,Y
darkwanderer.net,Y
ebanned.net,Y
bigbreastarchive.com,Y
christiesroom.com,Y
xwowgirls.com,Y
xvideos-jp.org,Y
badpuppy.com,Y
eroticstories.com,Y
swingtowns.com,Y
societysm.com,Y
orgasmdenial.com,Y
menonthenet.com,Y
glamourboutique.com,Y
lukeisback.com,Y
escort.cz,Y
persiankitty.com,Y
pussycash.com,Y
porntube1.xxx,Y
owk.cz,Y
suze.net,Y
danni.com,Y
porn365.com,Y
clickcash.com,Y
bgeast.com,Y
hogtied.com,Y
clubsissy.com,Y
18xgirls.com,Y
goshtube.com,Y
fisting.com,Y
sexyescortads.com,Y
nextglobalcrisis.com,Y
dougstanhope.com,Y
dubiobikinis.com,Y
adultgamereviews.com,Y
babylongirls.co.uk,Y
messygirl.com,Y
peteristhewolf.com,Y
lyla.com,Y
sybian.com,Y
shemalestrokers.com,Y
stagshop.com,Y
webcams.com,Y
bootlust.com,Y
wettingherpanties.com,Y
castfetish.com,Y
tgcaps.com,Y
cuckoldvideoclips.com,Y
paintoy.com,Y
eugeniadiordiychuk.com,Y
mood-pictures.com,Y
thaichix.com,Y
photo-personals.co.uk,Y
privatefeeds.com,Y
hunterscash.com,Y
naughtybids.com,Y
thumbnailseries.com,Y
mymasturbation.com,Y
ynot.com,Y
filipinawebcams.com,Y
x-incest.com,Y
link-o-rama.com,Y
xhamster-best.com,Y
vulvavelvet.org,Y
stripclublist.com,Y
occash.com,Y
tinynibbles.com,Y
sexintheuk.com,Y
landofvenus.com,Y
extasycams.com,Y
funny.com,Y
phonesexcentral.com,Y
popporn.com,Y
jpfreeporn.com,Y
bwnvideo.com,Y
qualitycontrol.cc,Y
sextoys.co.uk,Y
xvideos-new.com,Y
cruisingforsex.com,Y
celebnakedness.com,Y
kiwiswingers.co.nz,Y
fuckingmachines.com,Y
richards-realm.com,Y
smokingsides.com,Y
sex-techniques-and-positions.com,Y
hentai3d.com,Y
sexpo.com.au,Y
rubberzone.com,Y
xhamsterpremiumpass.com,Y
rgsex.com,Y
pornusers.com,Y
ultra-pornstars.com,Y
datinggold.com,Y
loverspackage.com,Y
spearmintrhino.com,Y
misterb.com,Y
swingersboard.com,Y
fetters.co.uk,Y
hqpornlinks.com,Y
jadedvideo.com,Y
fuckforforest.com,Y
rogreviews.com,Y
xteengirlz.com,Y
665leather.com,Y
malestrippersunlimited.com,Y
boundanna.com,Y
asiancult.com,Y
realspankings.com,Y
femjoygirlz.com,Y
santasporngirls.com,Y
diaper-bois.com,Y
freegaypix.com,Y
thelbb.co.uk,Y
chubbyloving.com,Y
clonezonedirect.co.uk,Y
smil-norge.no,Y
hentai-top100.com,Y
icgirls.com,Y
liveundnackt.com,Y
bestvibes.ca,Y
westwardbound.com,Y
hqlinks.net,Y
rachelshaven.com,Y
raincoatreviews.com,Y
fkk-artemis.de,Y
mensize.com,Y
drivenbyboredom.com,Y
xftvgirlz.com,Y
filipinasexchat.com,Y
spankingblog.com,Y
gigporno.com,Y
thumblogger.com,Y
spieglergirls.com,Y
femplay.com.au,Y
lucaskazan.com,Y
flash-in-public.com,Y
wierdporno.com,Y
tiffanysgirls.com.au,Y
candygirlvideo.com,Y
1on1wholesale.co.uk,Y
torturegarden.com,Y
adultwork.co.uk,Y
hisxpress.com,Y
bambinodiapers.com,Y
69adulttoys.com,Y
steelkittens.com,Y
page3.com,Y
earlmiller.com,Y
fetishhits.com,Y
macrophile.com,Y
scoregroup.com,Y
hotspotsmagazine.com,Y
northernspanking.com,Y
asianzilla.com,Y
cavr.com,Y
targetescorts.com,Y
funnyinside.com,Y
eurorevenue.com,Y
tickletheater.com,Y
mattsmodels.com,Y
cherrygirls.co.uk,Y
nyllover.com,Y
terapatrick.com,Y
gayromeo.com,Y
ffstockings.com,Y
lezlove.com,Y
humiliatrix.com,Y
thepinupfiles.com,Y
paingate.com,Y
simonscans.com,Y
xhamsternow.com,Y
livejasmin.at,Y
swingular.com,Y
almightyzeus.com,Y
boundforum.com,Y
dawnsplace.com,Y
mccoysguide.com,Y
collarme.com,Y
beachhunters.com,Y
virtualfem.com,Y
thealphagate.com,Y
ashleyrenee.com,Y
collarchat.com,Y
webmastercentral.com,Y
carolcox.com,Y
iomfats.org,Y
saafe.info,Y
footbuddies.com,Y
carmenssecrets.com,Y
naturegirls.com,Y
smittenkittenonline.com,Y
interracial-candy.com,Y
hot-collection.co.uk,Y
sexlunch.com,Y
gaypornblog.com,Y
linseysworld.com,Y
juicybucks.com,Y
arentwenaughty.com,Y
swingersclublist.com,Y
peoplesboard.com,Y
nymmedia.com,Y
limitedaudience.com,Y
kamasutra.com,Y
eckie.com,Y
ausmodels.com,Y
bestslavetraining.com,Y
adultfyi.com,Y
pixandvideo.com,Y
tgirls.com,Y
nicennaughty.co.uk,Y
mtjpub.com,Y
dutchbear.com,Y
transladyboy.com,Y
auxxxreviews.com,Y
koalaswim.com,Y
acemassage.net,Y
xxvideo.com,Y
bedroomsports.com,Y
slavefarm.com,Y
theredzone.com,Y
boyfun.com,Y
lovercash.com,Y
comeasyouare.com,Y
femaleledrelationships.com,Y
wetlook.com,Y
exmasters.com,Y
powershotz.com,Y
ratexpics.com,Y
sexylosers.com,Y
clubx.com.au,Y
ellinude.com,Y
nextdoormale.com,Y
grainbeltnews.com,Y
karendreams.com,Y
ocreampies.com,Y
adultwebmasters.org,Y
manchesterlads.com,Y
cutepet.org,Y
shadowlane.com,Y
venusescorts.com,Y
asianslave.biz,Y
tubesexvideo.com,Y
truedirtystories.com,Y
brazilbang.com,Y
imagostudios.com,Y
gaydreamdvd.com,Y
adultbaby.co.uk,Y
matrixmodels.com,Y
animetric.com,Y
lovedreamer.com,Y
ariagiovanni.com,Y
dita.net,Y
xtwinks.com,Y
rotten.com,Y
gothicsluts.com,Y
leather-lace.com,Y
aussiesexposed.com,Y
victoriahouse-massage.co.uk,Y
bilara.com,Y
asubmissivesjourney.com,Y
rope-bondage.com,Y
dejavu.com,Y
fetish-live.com,Y
afriboyz.com,Y
prettybigescorts.com,Y
sexinart.net,Y
just18.com,Y
bedroombondage.com,Y
forthegirls.com,Y
daddyswap.com,Y
naughtytales.com,Y
oldspunkers.com,Y
transformation.co.uk,Y
hotboots.com,Y
publicflash.com,Y
kaylakleevage.com,Y
nakedworld.com,Y
chyoo.com,Y
photoclubs.com,Y
adultcrowd.com,Y
best-of-all.net,Y
spankthis.com,Y
heaven666.org,Y
ann-angel.com,Y
electriqueboutique.com,Y
shemalepornstar.com,Y
michelle7.com,Y
dragginladies.com,Y
myadultreviews.com,Y
4mycams.com,Y
pamelapeaks.com,Y
lastgasp.com,Y
diapergal.com,Y
radvideo.com,Y
footfriends.com,Y
crazyhorse-sf.com,Y
erotica-readers.com,Y
pixies-place.com,Y
celebritymorgue.com,Y
tagame.org,Y
uncutdvds.com.au,Y
tomropesmcgurk.com,Y
chocolatedrop.com,Y
chippendales.com,Y
sh-womenstore.com,Y
liquidgeneration.com,Y
hustlerstaboo.com,Y
cathyscraving.com,Y
dawnmariesdream.com,Y
rentboy.com,Y
sexshop365.co.uk,Y
soniadane.com,Y
japansm.com,Y
vintage-nude.com,Y
worldsexguide.com,Y
mastasia.com,Y
thatmall.com,Y
tgfa.org,Y
bdsmforall.com,Y
eliseerotic.com,Y
homecams.com,Y
priape.com,Y
asianselection.com,Y
passionshop.com,Y
celebnudewiki.com,Y
temptationsdirect.co.uk,Y
adultlabs.com,Y
nudecelebsmagazine.com,Y
loversguide.com,Y
chinmaster.com,Y
pentagongrand.com.au,Y
malemasturbationtalk.com,Y
cathouseclothing.com,Y
hamiltonsescorts.com,Y
pornteam.com,Y
theferrett.com,Y
jeffsmusclestudio.com,Y
seduction.ca,Y
xxxspacegirls.us,Y
womanworship.co.uk,Y
amazingtwinks.com,Y
mistressalexia.com,Y
topbucks.com,Y
timekiller.com,Y
syren.com,Y
girlsfuckinghard.com,Y
boysfirsttime.com,Y
medicaltoys.com,Y
pornhome.com,Y
bigsextoystore.com,Y
tantrachair.com,Y
anzwers.net,Y
japan-av.com,Y
sardax.com,Y
goldclubsf.com,Y
garvgraphx.com,Y
looneynudes.com,Y
femalecompanions.com,Y
orientalplatinum.co.uk,Y
gramponante.com,Y
bigdoggie.net,Y
bulldoglist.com,Y
honeygifts.com,Y
aphrodite-agency.com,Y
juliesimone.com,Y
homemade-sex-toys.com,Y
adultbabysource.com,Y
akiralane.com,Y
jeanswing.com,Y
cum4auntie.com,Y
uk-flashers.net,Y
dcup.com,Y
paragonvideo.com,Y
smokingstories.net,Y
cutegirlporn.com,Y
bestiality.com,Y
annas-angels.co.uk,Y
fetware.com,Y
cross-dress.com,Y
38dds.com,Y
drunkcyclist.com,Y
x-nudism.com,Y
gimpsgonewild.com,Y
sexwork.com,Y
tomoffinlandfoundation.org,Y
voyeurbrazil.com,Y
foxybrawlers.com,Y
videoboys.com,Y
lovings.com,Y
legaction.com,Y
freespeechcoalition.com,Y
gardenofedenescorts.com,Y
northbound.com,Y
sarennasworld.com,Y
angel-elite-escort.com,Y
adultloveline.com,Y
mellyloon.com,Y
dollmate.jp,Y
bondagepictures.com,Y
smutnetwork.com,Y
saudek.com,Y
anniesprinkle.org,Y
pronquest.com,Y
women-spanking-men.com,Y
stringfellows.co.uk,Y
msnaughty.com,Y
erotica.com,Y
trapezeclub.com,Y
bettiepage.com,Y
pantytrust.com,Y
naughtynightlife.com,Y
can-am.com,Y
asiandaily.com,Y
smuttytoons.com,Y
colorclimax.com,Y
tabutoys.com,Y
asiacarrera.com,Y
telefetish.com,Y
yourgirlfriends.com,Y
saxon-web.co.uk,Y
secretleather.com,Y
strippernet.com,Y
brutalasia.com,Y
christycanyon.com,Y
the-penis.com,Y
thespankinglibrary.org,Y
cdgirls.com,Y
eadultgames.com,Y
lifeofdebauchery.com,Y
altpenis.com,Y
freejanine.com,Y
nightcharm.com,Y
eagleleather.com.au,Y
adultstaffing.com,Y
coverdoll.com,Y
pierresilber.com,Y
scarlettcontent.net,Y
peselectro.com,Y
early2bed.com,Y
superchubs.com,Y
mygirlfriendvids.net,Y
myxxxblog.com,Y
puckerup.com,Y
vividcash.com,Y
darwinescorts.com.au,Y
takeninhand.com,Y
amateurcanada.com,Y
bigbigboobs.com,Y
somethingsexyplanet.com,Y
fetishbank.net,Y
escortschicago.com,Y
michellesescorts.com,Y
threshold.org,Y
girl3d.com,Y
zoophile.net,Y
icemanblue.com,Y
citiboyz.com,Y
usbikerparties.com,Y
artemisbound.com,Y
rentboyaustralia.com,Y
underwear4men.com,Y
pornokopilka.info,Y
cadinot.fr,Y
nu-westleda.com,Y
hollywoodnudescenes.com,Y
swingvillage.com,Y
ropemarks.com,Y
chubbylinks.com,Y
ooze.com,Y
k5relax.cz,Y
breathlesswhispers.com,Y
symtoys.com,Y
tombianchi.com,Y
actionlove.com,Y
richardkern.com,Y
iocoart.com,Y
bedfellow.com,Y
femwin.com,Y
kenstwistedmind.com,Y
ticklekitty.com,Y
shopstarship.com,Y
purplepassion.com,Y
livejasmin-online.com,Y
fun4two.nl,Y
enemarotica.com,Y
tes.org,Y
gaymeeting.com,Y
venusenvy.ca,Y
xvideos.jp,Y
altplayground.net,Y
bulkmale.com,Y
domina.ms,Y
the-crucible.com,Y
aslanleather.com,Y
epantyhoseland.com,Y
libraryofmoria.com,Y
bdsm-list.com,Y
dphentai.com,Y
beefyfrat.com,Y
slaveregister.com,Y
agence-elegance.ch,Y
londonfetishscene.com,Y
royaladultvideo.com,Y
whippedass.com,Y
demask.com,Y
japanhardcoremovies.com,Y
hypnoticdreams.com,Y
midtowne.com,Y
moraxian.us,Y
erostranssexuals.com,Y
britishsexcontacts.com,Y
scarletranch.com,Y
cuckolds.com,Y
understories.com,Y
pasha.co.uk,Y
cosyndry.com,Y
21orover.com,Y
piss-porn.com,Y
freesexycomics.com,Y
mypleasure.com,Y
superstories.net,Y
ainews.com,Y
2001photo.com,Y
blackpornsites.com,Y
babylon1.com,Y
dolldataroom.org,Y
wowasian.com,Y
cams4us.com,Y
scottss.com,Y
britishspanking.com,Y
shadowplayers.com,Y
powerexchange.com,Y
sex-stories.net,Y
allme.com,Y
hotdesertknights.com,Y
ultimate-fetishes.com,Y
fetishdreams.com,Y
amibearornot.com,Y
owamw.com,Y
xxnl.com,Y
femalecelebrities.com,Y
seriousmistresses.com,Y
fetishshemale.com,Y
bdsmbooks.com,Y
nakedyounggirl.com,Y
americandamsels.com,Y
thaimistress.net,Y
ls-university.com,Y
fetishhouse.com.au,Y
irishpunters.com,Y
mon-chalet.com,Y
xvideos-avero.com,Y
antonvideo.com,Y
sirrodney.com,Y
fmconceptsinc.com,Y
mensclub.com,Y
leathernroses.com,Y
gimpix.com,Y
sextracker.com,Y
furnitureporn.com,Y
classyangel.com,Y
pornhitz.com,Y
4f-creations.com,Y
travelsexguide.tv,Y
leather-slave.com,Y
evelive.com,Y
photogirls.net,Y
eroticteasers.com,Y
clubeden.ca,Y
the-clitoris.com,Y
pantyhoseline.com,Y
barelyevil.com,Y
gotham-city.com.au,Y
clitoris-size-pictures.com,Y
yeslibertin.com,Y
sexualhealth.com,Y
collarncuffs.com,Y
pragueescorts.org,Y
chameleonsubmitter.com,Y
asianboyfeet.com,Y
hornymodelboys.com,Y
slashcity.com,Y
surprise-escort.ch,Y
miamivelvet.com,Y
divascam.com,Y
gentonline.com,Y
tonguefetish.net,Y
titanatelier.com,Y
bodyrotic.com.au,Y
blackvaginafinder.com,Y
sex-energy.com,Y
sex-kitten.net,Y
libchrist.com,Y
escortsselection.com,Y
spankinglife.com,Y
skinvideo.com,Y
pantyhosehunter.com,Y
amvc.com,Y
hothouse.co.za,Y
welcomed.com,Y
thegoldenapple.com.au,Y
pinkwhite.biz,Y
drjoelkaplan.com,Y
leandrocomics.com,Y
3rd-art.com,Y
young-filipina.com,Y
fetteredpleasures.com,Y
wrestlemen.com,Y
spookycash.com,Y
masturbationpage.com,Y
frugaldomme.com,Y
schoolofsex.net,Y
perfectcam.com,Y
romanticdepot.com,Y
blackporno.net,Y
fembomb.com,Y
raffaelemarinetti.it,Y
gay-comics.net,Y
gingerlynn.com,Y
xvideos-japan.com,Y
babylonbangkok.com,Y
langtrees.com,Y
czechboys.com,Y
venusia.ch,Y
top-shitting.com,Y
babes6.com,Y
catfight.com,Y
photorama.nl,Y
marbella-escort.com,Y
dollarmachine.com,Y
outdoor-babes.com,Y
saxleather.com.au,Y
gayasianams.com,Y
corporalpunishments.com,Y
leatherwerks.com,Y
alphabluearchives.com,Y
sinclairinstitute.com,Y
shotgunvideo.com,Y
selectcompanyescorts.com,Y
greeneyes.com,Y
smokesigs.com,Y
soj.org,Y
laurenafton.com,Y
i-ecc.com,Y
thegeorgian.co.uk,Y
stacyvalentine.com,Y
xcitement.com,Y
moviemountain.com,Y
silvercash.com,Y
valentine-escort.com,Y
xhamster-video.com,Y
bond-adventures.com,Y
super-poker.com,Y
soft-touch.co.uk,Y
chastity-uk.co.uk,Y
famous-comics.com,Y
citybutterflies.com,Y
saroftreve.com,Y
escorts-canada.com,Y
stiletto.net.au,Y
yurmag.com,Y
westcoastgangbangs.com,Y
asianology.com,Y
kiwiklub.com,Y
videocanada.com,Y
circlejerkboys.com,Y
baroness.com,Y
austinfriends.com,Y
xvideos-sm.com,Y
dirty-david.com,Y
london-independents.com,Y
paramour.com.au,Y
stormyleather.com,Y
casabianca.at,Y
druuna.net,Y
chastitytube.com,Y
allsexreviews.com,Y
pupzone.com,Y
area52hkh.net,Y
lustlovelatex.com,Y
mistresstroy.com,Y
perfektegirls.com,Y
alleybaggett.net,Y
freddyandeddy.com,Y
ooo-sex.com,Y
naughtyflixxx.com,Y
blackbody.nl,Y
cliterati.co.uk,Y
paddlesnyc.com,Y
usedmagazines.com,Y
babes-n-horny.com,Y
jayspix.com,Y
massageplaces.com,Y
thebedroom.co.za,Y
camgirlslive.com,Y
bijouworld.com,Y
the-boots.com,Y
nightstud.com,Y
adultplanetdvd.com,Y
mistressadira.com,Y
4playclub.com,Y
boobspalace.com,Y
eros.org.au,Y
carolinafriends.com,Y
libida.com,Y
spaexcess.com,Y
nudeindiangirlsclub.com,Y
jumbos.com,Y
sapphireplace.com,Y
erotica-museum.com,Y
cremedelacremme.com,Y
sexorc.com,Y
nasca.com,Y
brandislounge.com,Y
domsubfriends.com,Y
yoniversum.nl,Y
furafterdark.com,Y
leatherarchives.org,Y
girlsfromparadise.com,Y
club-aphrodite.com,Y
br.org,Y
bdsm-education.com,Y
avisbabes.com,Y
delilahs.com,Y
wavemovies.com,Y
themint.net,Y
scarlettscabaret.com,Y
prvt.com,Y
kingscourt.com.au,Y
cartoonsexfantazy.com,Y
latexclothing.co.uk,Y
adultsexygames.com,Y
hubbahubba.com,Y
chocolatefantasies.com,Y
bdsmstore.com,Y
adonisent.com,Y
pavelphoto.com,Y
wcareviews.com,Y
felixdeon.com,Y
allasiandvd.com,Y
japandreams.com,Y
adultchamber.com,Y
christineyoung.com,Y
luckylove.ro,Y
thecheetah.com,Y
affections.com,Y
spankingtv.com,Y
hush-hush.co.uk,Y
mrs-silk.com,Y
ameanet.org,Y
leatheretc.com,Y
taboostories.com,Y
lescandal.com,Y
dvice.co.nz,Y
centaurcelluloid.com,Y
rencontreshard.com,Y
h-anime.com,Y
minkaxxx.com,Y
sexymendirectory.net,Y
webmastervault.com,Y
ben-dover.com,Y
utahdollhouse.com,Y
punitiveshoes.com,Y
impulse247.co.uk,Y
neosteel.com,Y
midnightcd.net,Y
pussycatranch.com,Y
xtremediaper.com,Y
audiosex.com,Y
nitetimetoys.com,Y
evesgarden.com,Y
cartoonpornguide.com,Y
femfeet.co.uk,Y
platinumstages.com,Y
redbridges.net,Y
sexypetite.com,Y
seka.com,Y
womanthouartgod.com,Y
erossf.com,Y
movieerotica.com,Y
pornliving.com,Y
madieanne.com,Y
videoscreams.com,Y
vixencreations.com,Y
allsexguide.com,Y
panties.com,Y
fetishcontacts.com,Y
wantlive.com,Y
sexindia.com,Y
babeinvasion.com,Y
trampararamhentai.com,Y
onlinesuperheroes.com,Y
snakewhip.com,Y
blogs.com,Y
juliestrain.com,Y
christiestoybox.com,Y
kinky.ie,Y
anime-hentai.org,Y
canadianmale.com,Y
thewatergarden.com,Y
womynsware.com,Y
raslingal.com,Y
tabithastevens.com,Y
local-swingers.co.uk,Y
charlisangels.com,Y
boyfetish.com,Y
marcdebauch.com,Y
classycams.com,Y
neotokyo.com,Y
lapello.com,Y
bachelorettepartyfun.com,Y
pornyaz.com,Y
confidentialmodels.com,Y
gaybeef.com,Y
esinem.com,Y
vivaescorts.com,Y
dolphinvideos.com,Y
cyberskintoys.com,Y
ultimate-anonymity.com,Y
erotiqstockings.com,Y
barcelonaescorts.com,Y
ardorotica.com,Y
dungeonnet.com,Y
sexentertain.com,Y
malebots.com,Y
sfsi.org,Y
thanatos.net,Y
lovingsex.com,Y
ineedamommy.com,Y
mistressprecious.com,Y
peplove.com,Y
bondage.com,Y
thespankingnews.com,Y
latestrip.com,Y
ladymadeleine.com,Y
goldengirls.net,Y
janb.com,Y
realtickling.com,Y
gaytoz.com,Y
condom.com,Y
sexualpositionsfree.com,Y
blowbuddies.com,Y
downonmyknees.com,Y
adultmoviedatabase.com,Y
19nineteen.com,Y
themermaid.co.nz,Y
newagerevenue.com,Y
funtasia.com.au,Y
swingingplaces.com,Y
imrl.com,Y
worldsexarchives.com,Y
msn.com,N
babygaga.com,N
cartooncrazy.net,N
roblox.com,N
wikihow.com,N
cnn.com,N
si.com,N
weather.com,N
magiquiz.com,N
zillow.com,N
gravitytales.com,N
divinity.es,N
wxyz.com,N
yellowpages.com,N
whio.com,N
younghollywood.com,N
ebay.com,N
zeldadungeon.net,N
floridasportsman.com,N
disqus.com,N
heraldsun.com.au,N
sears.com,N
myasiantv.se,N
shmoop.com,N
marthastewart.com,N
fox17online.com,N
cakescottage.com,N
tmz.com,N
ranker.com,N
live.com,N
factinate.com,N
eonline.com,N
allrecipes.com,N
vppgamingnetwork.com,N
zerohedge.com,N
homes.com,N
usmagazine.com,N
salon.com,N
zennioptical.com,N
wnd.com,N
skysports.com,N
inquirer.net,N
watchcartoononline.com,N
tunein.com,N
novelplanet.com,N
op.gg,N
Gravitytales.com,N
signingsavvy.com,N
kimcartoon.me,N
footyroom.com,N
tvline.com,N
putlockertv.to,N
lowkickmma.com,N
tinybeans.com,N
youbeauty.com,N
volarenovels.com,N
lonny.com,N
Data Not Available,N
wikia.com,N
searspartsdirect.com,N
swagbucks.com,N
androidpolice.com,N
yahoo.com,N
kissanime.ac,N
gamesradar.com,N
dailymail.co.uk,N
ultimate-guitar.com,N
list25.com,N
food52.com,N
ign.com,N
comcast.net,N
goal.com,N
layandrama.org,N
mentalfloss.com,N
jpost.com,N
hanginghyena.com,N
botasot.info,N
sbnation.com,N
truthexam.com,N
mobafire.com,N
employflorida.com,N
fashionbeans.com,N
Korvideo.com,N
coches.com,N
eredmenyek.com,N
parentsdome.com,N
usatoday.com,N
businessinsider.com,N
pcgamer.com,N
sporcle.com,N
heavens-above.com,N
wordfind.com,N
sfgate.com,N
rapupdate.de,N
realsimple.com,N
se.com,N
facebook.com,N
hojunara.com,N
gamepedia.com,N
kino.de,N
el-nacional.com,N
lifedaily.com,N
fuelly.com,N
gtacentral.com,N
kohls.com,N
networkworld.com,N
kissanime.ru,N
Mangarock.com,N
sparknotes.com,N
time.com,N
diply.com,N
zyngagames.com,N
mypoints.com,N
webmd.com,N
nuevamujer.com,N
newsweek.com,N
theatlantic.com,N
motherearthnews.com,N
anilinkz.to,N
icdrama.se,N
kiss-anime.me,N
dramalike.tv,N
onthesnow.com,N
wetv.com,N
didyouknowfacts.com,N
fortnitetracker.com,N
latimes.com,N
go.com,N
rappler.com,N
techradar.com,N
zynga.com,N
billboard.com,N
353-tvonline.com,N
soompi.com,N
thestorypedia.com,N
jamieoliver.com,N
starnewsonline.com,N
softschools.com,N
helloidol.com,N
otakustream.tv,N
thehill.com,N
lasthl.com,N
differencebetween.com,N
disneydining.com,N
indiewire.com,N
radaronline.com,N
soaphub.com,N
bet.com,N
allmusic.com,N
leaf.tv,N
collegehumor.com,N
bbc.com,N
libertyballers.com,N
bookingbuddy.com,N
screenrant.com,N
modernmom.com,N
slader.com,N
hugelol.com,N
scarymommy.com,N
as.com,N
catscratchreader.com,N
newyorker.com,N
bostonglobe.com,N
livewidget.net,N
quizlet.com,N
seterra.com,N
diez.hn,N
chinatimes.com,N
lifescript.com,N
9anime.is,N
theblaze.com,N
deseretnews.com,N
oola.com,N
statsroyale.com,N
nola.com,N
russia-insider.com,N
pure-t.ru,N
gossipnewsdaily.com,N
thesaurus.com,N
hkfree.co,N
foxsports.com.au,N
howstuffworks.com,N
readcomicbooksonline.org,N
friv.com,N
washingtontimes.com,N
huffpost.com,N
stjude.org,N
thekitchn.com,N
allkpop.com,N
couponsherpa.com,N
highlightsfootball.com,N
berserk2016.com,N
qvc.com,N
rpp.pe,N
koreaboo.com,N
nj.com,N
cars.com,N
cargurus.com,N
recomhub.com,N
lilluna.com,N
tampabay.com,N
fox8.com,N
redbox.com,N
alternativenation.net,N
thebump.com,N
drf.com,N
wis.pr,N
reviewjournal.com,N
md-health.com,N
variety.com,N
dummies.com,N
searchlff.com,N
tvglee.tv,N
golf.com,N
adweek.com,N
twentytwowords.com,N
betches.com,N
dragonballtime.tv,N
foodnetwork.com,N
arcamax.com,N
brobible.com,N
dramabus.com,N
nbadraft.net,N
biography.com,N
instructables.com,N
publimetro.cl,N
greatandhra.com,N
doityourself.com,N
ldsliving.com,N
mugshots.com,N
petdarling.com,N
elpais.com,N
post-gazette.com,N
readnaruto.com,N
mlive.com,N
looper.com,N
sciencechannel.com,N
menards.com,N
sakshi.com,N
slickdeals.net,N
att.net,N
trend-chaser.com,N
wittyfeed.me,N
twinfinite.net,N
sun-sentinel.com,N
poughkeepsiejournal.com,N
popsugar.com,N
houstonpress.com,N
goldenskate.com,N
rulu.co,N
thejigsawpuzzles.com,N
redspot.tv,N
recipe4living.com,N
soul-anime.us,N
dallasnews.com,N
rivals.com,N
ynetnews.com,N
pluto.tv,N
boston.com,N
ask.com,N
mercurynews.com,N
bravotv.com,N
trustedreviews.com,N
nickiswift.com,N
philly.com,N
worldofwarships.com,N
smbc-comics.com,N
jetztspielen.de,N
punchng.com,N
rottentomatoes.com,N
hollywoodstory.tv,N
charlotteobserver.com,N
thefreedictionary.com,N
ondramanice.io,N
amway.com,N
superhealthykids.com,N
momjunction.com,N
quien.com,N
pcworld.com,N
slingo.com,N
wikipedia.org,N
littlethings.com,N
spieletipps.de,N
xfinity.com,N
money.pl,N
fox13now.com,N
usnews.com,N
pogo.com,N
sugarapron.com,N
nesn.com,N
fangraphs.com,N
craigslist.org,N
msnbc.com,N
wildtangent.com,N
sportinsider.tv,N
laprensa.com.ni,N
theodysseyonline.com,N
divascancook.com,N
bobvila.com,N
websleuths.com,N
nexusmods.com,N
champion.gg,N
newsday.com,N
accessatlanta.com,N
travelandleisure.com,N
history.com,N
sky.com,N
12up.com,N
webassign.net,N
fool.com,N
wordbrain.info,N
sport.es,N
poptropica.com,N
livestrong.com,N
ismininanlaminedirx.com,N
recipetineats.com,N
candycrush-cheats.com,N
thoughtcatalog.com,N
jennsblahblahblog.com,N
averiecooks.com,N
ashams.com,N
cbslocal.com,N
baykoreans.link,N
accuweather.com,N
taste.com.au,N
overwolf.com,N
gyazo.com,N
sportobserver.tv,N
weatherbug.com,N
cracked.com,N
miniwebtool.com,N
britannica.com,N
stack.com,N
chch.com,N
rpgsite.net,N
deviantart.com,N
vintag.es,N
uproxx.com,N
joblo.com,N
independent.co.uk,N
providr.com,N
readms.net,N
kcra.com,N
smo333.com,N
tellygossips.net,N
khon2.com,N
crackle.com,N
vn2.vn,N
aigaforum.com,N
simplyrecipes.com,N
patheos.com,N
mylifetime.com,N
gamehunters.club,N
typingstudy.com,N
sltrib.com,N
skinnymom.com,N
ampproject.org,N
elmundo.es,N
boxingscene.com,N
truyenfull.vn,N
grunge.com,N
washingtonpost.com,N
allakhazam.com,N
about.com,N
travelmath.com,N
thegamer.tv,N
wheretoget.it,N
kotaku.co.uk,N
entrepreneur.com,N
nytimes.com,N
onetime.com,N
pch.com,N
rollingstone.com,N
watch-series.io,N
petfinder.com,N
gosunoob.com,N
nbcsports.com,N
space.com,N
aplus.com,N
fandango.com,N
dictionary.com,N
aol.com,N
vegas.com,N
foxnews.com,N
assistindo.org,N
royalroadl.com,N
people.com,N
wtkr.com,N
vulture.com,N
shinsori.com,N
scientificamerican.com,N
masslive.com,N
worldlifestyle.com,N
livescore.com,N
wtop.com,N
bodybuilding.com,N
hollywood.com,N
kare11.com,N
hgtv.com,N
oilprice.com,N
rocket-league.com,N
dailydot.com,N
spanishdict.com,N
newsobserver.com,N
philstar.com,N
telecinco.es,N
wordplays.com,N
mmaweekly.com,N
mmohuts.com,N
uptodown.com,N
agar.io,N
peopleenespanol.com,N
cavsnation.com,N
diffen.com,N
tvland.com,N
homestratosphere.com,N
topcelebrity.tv,N
kobatochan.com,N
mlb.com,N
wowhead.com,N
hollywoodreporter.com,N
wcvb.com,N
health.com,N
gamersheroes.com,N
zimeye.net,N
toriavey.com,N
forbes.com,N
fastweb.com,N
gsn.com,N
milb.com,N
boxingnews24.com,N
worldofsolitaire.com,N
imgur.com,N
wlwt.com,N
korvideo.com,N
univision.com,N
romwe.com,N
wgntv.com,N
tutsplus.com,N
funology.com,N
thegunnysack.com,N
mma-core.com,N
my.com,N
pandora.com,N
brainly.com,N
ddotomen.co,N
mtggoldfish.com,N
myway.com,N
ninjajournalist.com,N
skai.gr,N
nexus-stats.com,N
movoto.com,N
auntyacid.com,N
tasteofhome.com,N
popyard.com,N
mentertained.com,N
dulfy.net,N
tvguide.com,N
destructoid.com,N
chieftain.com,N
bdnews24.com,N
flyordie.com,N
mapsofworld.com,N
icy-veins.com,N
culinaryhill.com,N
searchmabb.com,N
animeshow.tv,N
diariolibre.com,N
rugby365.com,N
wzzm13.com,N
theguardian.com,N
caranddriver.com,N
iwashyoudry.com,N
matchedcars.tv,N
enmasse.com,N
youredm.com,N
pilatesandyogafitness.com,N
hooch.net,N
juliasalbum.com,N
ridiculouslyextraordinary.com,N
theprairiehomestead.com,N
mheducation.com,N
probuilds.net,N
musictimes.com,N
wunderground.com,N
footymad.net,N
daily-stuff.com,N
thegrio.com,N
southernplate.com,N
kshow123.net,N
elheraldo.hn,N
americatv.com.pe,N
dramafever.com,N
huskiewire.com,N
wenxuecity.com,N
bikerumor.com,N
gosur.com,N
mundokodi.com,N
nomnompaleo.com,N
panzoid.com,N
mitele.es,N
abc15.com,N
wallpaperswide.com,N
sickchirpse.com,N
heraldextra.com,N
advancedeventsystems.com,N
droonews.com,N
bettycrocker.com,N
newsnow.co.uk,N
azlyrics.com,N
worldstarhiphop.com,N
arstechnica.com,N
hihi2.com,N
usweekly.com,N
movieweb.com,N
celebritytrends.tv,N
x17online.com,N
sportingnews.com,N
vipwire.tv,N
wsmv.com,N
tayyar.org,N
schaeffersresearch.com,N
ridertv.com,N
architecturaldesigns.com,N
yummly.com,N
placesyoullsee.com,N
tenplay.com.au,N
dailygrocerycoupon.com,N
thewrap.com,N
mnrdaily.com,N
thelearningodyssey.com,N
foxbusiness.com,N
nationalreview.com,N
streema.com,N
sandesh.com,N
giga.de,N
farfeshplus.com,N
pagesix.com,N
zeroto60times.com,N
thecombineforum.com,N
puppytoob.com,N
fuse.tv,N
activebeat.com,N
top5.com,N
diynetwork.com,N
keyhero.com,N
nationalgeographic.com,N
eluniverso.com,N
healthcentral.com,N
ktvz.com,N
nick.com,N
fatsecret.co.uk,N
sparkpeople.com,N
dorkly.com,N
lifeloveandsugar.com,N
10best.com,N
ikshow.net,N
otvfoco.com.br,N
military.com,N
tamilserials.tv,N
footballoutsiders.com,N
omaha.com,N
adintrend.com,N
radio.com,N
earthlink.net,N
al.com,N
snapsort.com,N
prodigygame.com,N
damndelicious.net,N
steelersdepot.com,N
bossip.com,N
lifebuzz.com,N
itsmycareer.com,N
phonearena.com,N
physicsandmathstutor.com,N
overclockers.com.au,N
Dramafire.info,N
slate.com,N
home-speech-home.com,N
kissasian.ch,N
yachtworld.com,N
nationaldaycalendar.com,N
wwe.com,N
ftw.in,N
franceinter.fr,N
mensjournal.com,N
indianexpress.com,N
sherdog.com,N
breathecast.com,N
viceland.com,N
cableone.net,N
parents.com,N
mindbodygreen.com,N
thechive.com,N
tasteofcountry.com,N
healthstatus.com,N
topmenmag.com,N
huffingtonpost.com,N
givemesport.com,N
sheknows.com,N
bookit.com,N
vh1.com,N
aroundthesims3.com,N
rikkisreviews.com,N
pureplay.com,N
solitairetime.com,N
wsbtv.com,N
moviefone.com,N
lowellsun.com,N
flightaware.com,N
nos.nl,N
myanimelist.net,N
chron.com,N
globo.com,N
keybr.com,N
abnormalreturns.com,N
realclearpolitics.com,N
tfln.co,N
baodatviet.vn,N
thehindu.com,N
vegetariantimes.com,N
calculator.net,N
todaysparent.com,N
winsports.co,N
techlicious.com,N
csnbayarea.com,N
americanpregnancy.org,N
influxmagazine.com,N
travelpulse.com,N
politico.com,N
akamaihd.net,N
tennessean.com,N
countryliving.com,N
boattrader.com,N
southwest.com,N
greatfashionideas.com,N
gameinfo.io,N
rotoworld.com,N
americatv.com.ar,N
ino.com,N
ajc.com,N
bellacor.com,N
carls-sims-4-guide.com,N
younghollywoodtv.com,N
rotinrice.com,N
wistv.com,N
90min.com,N
football365.com,N
espncricinfo.com,N
blabbermouth.net,N
coolmath-games.com,N
wsj.com,N
bloggingtheboys.com,N
worldoftanks.com,N
aarp.org,N
gameranx.com,N
dek-d.com,N
maplestage.com,N
astrologyzone.com,N
ksn.com,N
overthecap.com,N
stocktwits.com,N
providencejournal.com,N
azasianow.com,N
playwire.com,N
miniclip.com,N
celebdirtylaundry.com,N
newsd.co,N
seekingalpha.com,N
mobymax.com,N
thedenverchannel.com,N
abcmouse.com,N
jeux.fr,N
baseball-reference.com,N
monster.com,N
boatingmag.com,N
techtimes.com,N
snopes.com,N
firstforwomen.com,N
realtor.com,N
bmovies.is,N
sportswar.com,N
fastfoodnutrition.org,N
thepioneerwoman.com,N
espn.com,N
imfdb.org,N
myrecipes.com,N
merriam.com,N
playk7.com,N
lacartadelabolsa.com,N
baltimoresun.com,N
nypost.com,N
firstrowsportes.net,N
venturebeat.com,N
mtv.com,N
everydayhealth.com,N
chicagotribune.com,N
putlockertv.se,N
walmart.com,N
mashed.com,N
destinylfg.net,N
macworld.com,N
abril.com.br,N
donalskehan.com,N
tvn24.pl,N
fitnessmagazine.com,N
movietickets.com,N
playbuzz.com,N
unilad.co.uk,N
kidspot.com.au,N
makeuseof.com,N
fanspeak.com,N
dramacity.se,N
elcalce.com,N
wcpo.com,N
allure.com,N
lanacion.com.ar,N
csnchicago.com,N
lifeandstylemag.com,N
tekrevue.com,N
addictivetips.com,N
theadvocate.com,N
kshb.com,N
mythicspoiler.com,N
girlsgogames.com,N
crosswalk.com,N
mamaslatinas.com,N
chowhound.com,N
lakersnation.com,N
reuters.com,N
411mania.com,N
discovery.com,N
ancestry.com,N
rfi.fr,N
talktalk.co.uk,N
crusty.tv,N
eater.com,N
nhl.com,N
cruisecritic.com,N
bgr.com,N
ndtv.com,N
travelchannel.com,N
goctruyen.com,N
instagram.com,N
movieandtvcorner.com,N
lesventes.ca,N
yourchildlearns.com,N
firstpost.com,N
boredomtherapy.com,N
linguee.de,N
gurl.com,N
cardgames.io,N
voegol.com.br,N
bengals.com,N
bourque.com,N
anticlove.com,N
mcall.com,N
myfitnesspal.com,N
ozee.com,N
recordnet.com,N
snafu-comics.com,N
radionomy.com,N
wish.com,N
hostelworld.com,N
upi.com,N
southernliving.com,N
indiatimes.com,N
myheartbeets.com,N
clicrbs.com.br,N
bleacherreport.com,N
zibbo.com,N
thegrizzled.com,N
ebay.ca,N
starcasm.net,N
boulistenaute.com,N
prinz.de,N
warthunder.com,N
merriam-webster.com,N
watchcartoononline.io,N
timesleader.com,N
kijiji.ca,N
pof.com,N
driversupport.com,N
denverpost.com,N
livescience.com,N
eightieskids.com,N
emisorasunidas.com,N
poe.trade,N
eluniversal.com.mx,N
cfo.com,N
vice.com,N
cafrino.com,N
nyandcompany.com,N
typingclub.com,N
dinarguru.com,N
rapidtyping.com,N
newson6.com,N
verizon.com,N
jobsflag.com,N
healthline.com,N
heise.de,N
iambaker.net,N
slashfilm.com,N
laweekly.com,N
elle.com,N
expansion.mx,N
wtsp.com,N
ibtimes.com,N
belfastlive.co.uk,N
crhoy.com,N
architectmagazine.com,N
behindthevoiceactors.com,N
footballscoop.com,N
operationsports.com,N
word-grabber.com,N
autoblog.com,N
frugalcouponliving.com,N
mu.nu,N
popculture.com,N
siliconera.com,N
eatingwell.com,N
birthdaymessages.net,N
allafrica.com,N
bhg.com,N
usssa.com,N
sportschatplace.com,N
narwhale.io,N
medpagetoday.com,N
emisoras.com.mx,N
wkbw.com,N
songmeanings.com,N
oneindia.com,N
dinnerthendessert.com,N
toofab.com,N
thespruce.com,N
fashionnova.com,N
shape.com,N
wataan.com,N
greenbot.com,N
sohh.com,N
offerup.com,N
rd.com,N
courant.com,N
mocospace.com,N
netzero.net,N
gadgethacks.com,N
mycentraljersey.com,N
dailykos.com,N
worldjournal.com,N
check4d.com,N
novelguide.com,N
littlealchemy.com,N
twistity.com,N
trulia.com,N
gamerevolution.com,N
tri-cityherald.com,N
detroitnews.com,N
channel5.com,N
online-tech-tips.com,N
oregonlive.com,N
mediaminer.org,N
findagrave.com,N
avendrealouer.fr,N
digitaltrends.com,N
diep.io,N
starfall.com,N
mashable.com,N
esportit.tv,N
macon.com,N
vogue.com,N
lyrics.com,N
siteadvisor.com,N
historycollection.co,N
nametests.com,N
orbitz.com,N
powerlineblog.com,N
broadwayworld.com,N
hotels.com,N
futwiz.com,N
rivosport.co,N
stupiddope.com,N
areaciencias.com,N
wgal.com,N
theparentingvillage.com,N
fox.com,N
cliffsnotes.com,N
viki.com,N
sacbee.com,N
ana-white.com,N
footyheadlines.com,N
ok.de,N
miimd.tv,N
ratemyteachers.com,N
pokemon.com,N
majorleaguegaming.com,N
detoxinista.com,N
bestrecipes.com.au,N
elitedaily.com,N
elgoog.im,N
flickr.com,N
mvnrepository.com,N
notrefamille.com,N
ifoodreal.com,N
laptopmag.com,N
austinchronicle.com,N
lifezette.com,N
airliners.net,N
chefsavvy.com,N
freep.com,N
lapresse.ca,N
nbcchicago.com,N
nbcdfw.com,N
whatculture.com,N
haberler.com,N
dealbase.com,N
westeros.org,N
irtv24.com,N
kompas.com,N
upworthy.com,N
vox.com,N
teenvogue.com,N
notdoppler.com,N
chatsports.com,N
robesonian.com,N
tigerbeat.com,N
newatlas.com,N
benefitspro.com,N
likecool.com,N
annarecetasfaciles.com,N
blogmybrain.com,N
wptv.com,N
mywedding.com,N
kissdrama.club,N
digg.com,N
tipsbladet.dk,N
gamezebo.com,N
1688.com.au,N
paginebianche.it,N
laughingplace.com,N
stockq.org,N
indeed.com,N
chosun.com,N
tvone.tv,N
lds.org,N
dinamalar.com,N
bioenciclopedia.com,N
engageme.tv,N
theartstory.org,N
sullca.com,N
justonlinegames.com,N
bnqt.com,N
mangalam.com,N
bonton.com,N
tagged.com,N
iheart.com,N
filgoal.com,N
allremedies.com,N
btc-echo.de,N
videocelts.com,N
hellomagazine.com,N
mindjolt.com,N
lachainemeteo.com,N
20minutes.fr,N
marionstar.com,N
ebaumsworld.com,N
m-magazine.com,N
aajtak.in,N
today.com,N
news18.com,N
wate.com,N
cinemablend.com,N
rare.us,N
coachmag.co.uk,N
tellyupdates.com,N
bookoo.com,N
kongregate.com,N
the-gadgeteer.com,N
kisscartoon.ac,N
bostonherald.com,N
syracuse.com,N
aheadofthyme.com,N
mangarock.com,N
thelandryhat.com,N
langue-au-chat.fr,N
wattpad.com,N
dmv-written-test.com,N
picksandparlays.net,N
ksl.com,N
cc.com,N
centurylink.net,N
cheatcc.com,N
nbc.com,N
beinsports.com,N
westword.com,N
tubereplay.com,N
kmart.com,N
vikatan.com,N
manchestereveningnews.co.uk,N
golfdigest.com,N
golfchannel.com,N
atlanticbb.net,N
elbernabeu.com,N
e-ir.info,N
expertblogz.com,N
gmanetwork.com,N
themeparktourist.com,N
healthgrades.com,N
examiner.com,N
spilxl.dk,N
umggaming.com,N
sociableblog.com,N
autoanything.com,N
kiplinger.com,N
economist.com,N
lroza.com,N
wisedime.com,N
snagajob.com,N
pakaccountants.com,N
universityherald.com,N
watch-series.co,N
ole.com.ar,N
tworeddots.com,N
washingtonpress.com,N
healthyway.com,N
wimp.com,N
driving.co.uk,N
homedit.com,N
honda-tech.com,N
tomahawktake.com,N
cartoonth12.com,N
kienthuc.net.vn,N
metafilter.com,N
gehalt.de,N
dreamhorse.com,N
synonymes.com,N
legacy.com,N
soapcentral.com,N
redcafe.net,N
youqueen.com,N
pixnet.net,N
comicsverse.com,N
reverso.net,N
debate.com.mx,N
recipe.com,N
smitefire.com,N
avsforum.com,N
pinoyway.com,N
limaohio.com,N
thecut.com,N
tvguide.co.uk,N
wlky.com,N
atresplayer.com,N
azcentral.com,N
eurweb.com,N
bakersfield.com,N
westhamonline.net,N
creaders.net,N
record.com.mx,N
jamaicans.com,N
mako.co.il,N
thedailybeast.com,N
shockwave.com,N
aliexpress.com,N
aboluowang.com,N
tasteandtellblog.com,N
ew.com,N
otakumole.ch,N
shein.com,N
barchart.com,N
cyclingweekly.com,N
vanityfair.com,N
wakeup-world.com,N
journalistate.com,N
rctech.net,N
evite.com,N
ladypopular.com,N
biblestudytools.com,N
techvibes.com,N
artsychicksrule.com,N
tellymasti.com,N
wwaytv3.com,N
sport24.gr,N
maketecheasier.com,N
spotify.com,N
baomoi.com,N
bada.tv,N
duden.de,N
inspiredtaste.net,N
minijuegostop.com.mx,N
studystack.com,N
notitarde.com,N
hellobeautiful.com,N
miimd.com,N
aetv.com,N
pe.com,N
wafb.com,N
discoveryeducation.com,N
thisoldhouse.com,N
cafemom.com,N
wndu.com,N
thefreethoughtproject.com,N
amordoce.com,N
zimbio.com,N
bitlanders.com,N
wxii12.com,N
hokaoneone.com,N
gaana.com,N
shareably.net,N
agame.com,N
getauto.com,N
metronews.ca,N
patch.com,N
gearmoose.com,N
gesundheit.de,N
therealdeal.com,N
youm7.com,N
odometer.com,N
giveitlove.com,N
lifetouch.com,N
juegos.com,N
allaboutthetea.com,N
spikeybits.com,N
cesarsway.com,N
necessaryclothing.com,N
easybib.com,N
mmajunkie.com,N
bancobpmspa.com,N
cx500forum.com,N
nordictrack.com,N
careerbuilder.com,N
avclub.com,N
einthusan.tv,N
prensalibre.com,N
armaniexchange.com,N
thelist.com,N
poki.com,N
destinygamewiki.com,N
newschannel5.com,N
watch2gether.com,N
peasandcrayons.com,N
theconservativetreehouse.com,N
fox5sandiego.com,N
freeridegames.com,N
blitzlift.com,N
autofacil.es,N
marca.com,N
mtairynews.com,N
marieclaire.co.uk,N
counter-strike.net,N
bjpenn.com,N
listenlive.co,N
blogtalkradio.com,N
ojogos.com.br,N
pbs.org,N
downloadly.ir,N
buzzfeed.com,N
gioco.it,N
cruisefever.net,N
natgeotv.com,N
cbr.com,N
funtude.com,N
nativeremedies.com,N
gulfnews.com,N
ballarddesigns.com,N
drawinghowtodraw.com,N
motorcyclistonline.com,N
mahjongtitans.com,N
seat61.com,N
funnyjunk.com,N
fresherslive.com,N
boredpanda.com,N
gethealthyu.com,N
girlgeniusonline.com,N
justsomething.co,N
target.com,N
portcanaveralwebcam.com,N
spin.com,N
ilovepdf.com,N
mangasupa.com,N
helloglow.co,N
boom-app.com,N
focus.de,N
chicksonright.com,N
orilliapacket.com,N
alphamom.com,N
angelfire.com,N
bitoftech.net,N
chipandco.com,N
webconsultas.com,N
officialcharts.com,N
webtruyen.com,N
imdb.com,N
interia.pl,N
tomsguide.com,N
tf1.fr,N
cookinglight.com,N
dragonball360.com,N
londonist.com,N
abplive.in,N
gameforge.com,N