,domain,url,category,prediction
0,countryrebel.com,google.com,category,0
1,xxxxxxvvvv.blogspot.sg,google.com,category,0
2,http://mopub2_3.gu4tcnjwgaytena.com,google.com,category,0
3,indianasexoffenderslist.com,google.com,category,0
4,yespornplease.com,google.com,category,0
5,http://mopub2_3.he4danjugaytqny.com,google.com,category,0
6,http://rubicon2.gq2tkmjwgaytonq.com,google.com,category,0
7,http://mopub2_3.gmytmmbvgaydami.com,google.com,category,0
8,hotixxx.org,google.com,category,0
9,free-animalsex.com,google.com,category,0
10,multimatureporn.com,google.com,category,0
11,goallporn.com,google.com,category,0
12,xporno.tv,google.com,category,0
13,bestialzooporn.com,google.com,category,0
14,olderladyfuck.com,google.com,category,0
15,http://mopub2_3.geydsmzrgaytknzx.com,google.com,category,0
16,likeporntube.com,google.com,category,0
17,http://mopub2_3.geytiobqgaytoobt.com,google.com,category,0
18,http://mopub2_3.ha2demrvgaytooi.com,google.com,category,0
19,http://mopub2_3.geztcojvgaydgobz.com,google.com,category,0
20,nylonpornlab.com,google.com,category,0
21,http://r1.gu4tcnjwgaytena.com,google.com,category,0
22,xpornnews.blogspot.com,google.com,category,0
23,http://rubicon2.gq2tkmjwgaytonq.com,google.com,category,0
24,http://mopub2_3.gmytmmbvgaydami.com,google.com,category,0
25,sowishporn.com,google.com,category,0
26,allsexyteen.com,google.com,category,0
27,variousteenporn.com,google.com,category,0
28,givemesomeboobs.com,google.com,category,0
29,pornfree.me,google.com,category,0
30,almostsexy.top,google.com,category,0
31,http://r1.geztenjxgaydmnjy.com,google.com,category,0
32,beastanimalsex.com,google.com,category,0
33,gayzooporn.com,google.com,category,0
34,theauthenticgay.com,google.com,category,0
35,http://mopub2_3.gezdmmbzgaytmmjv.com,google.com,category,0
36,amateursexbox.com,google.com,category,0
37,xxxxxxvvvv.blogspot.com,google.com,category,0
38,"Grindr - Gay and same sex guys chat, meet and date",google.com,category,0
39,hentaporn.net,google.com,category,0
40,soasianporn.com,google.com,category,0
41,http://mopub2_3.he4danjugaytqny.com,google.com,category,0
42,soteenporn.com,google.com,category,0
43,essexlifemag.co.uk,google.com,category,0
44,taradosporsexo.com.br,google.com,category,0
45,mpsexpenses.info,google.com,category,0
46,wifefuck.cc,google.com,category,0
47,http://mopub2_3.gq2teojrgaytgma.com,google.com,category,0
48,http://mopub2_3.gu4tcnjwgaytena.com,google.com,category,0
49,gayworld.gr,google.com,category,0
50,itunesextractor.com,google.com,category,0
51,http://mopub2_3.heydembygaydini.com,google.com,category,0
52,zoopornfree.net,google.com,category,0
53,vqporn.com,google.com,category,0
54,kanaalxxx.nl,google.com,category,0
55,2monngonmoingay.com,google.com,category,0
56,pornorazzo.com,google.com,category,0
57,multiteenporn.com,google.com,category,0
58,homeamateurfuck.com,google.com,category,0
59,watchxxxfree.tv,google.com,category,0
60,pornocosplay.net,google.com,category,0
61,freemobixxx.com,google.com,category,0
62,shinglesexpert.org,google.com,category,0
63,pornstarhills.com,google.com,category,0
64,pornwavetube.com,google.com,category,0
65,slutamateursex.com,google.com,category,0
66,amateurfuckpictures.com,google.com,category,0
67,sussexpost.com,google.com,category,0
68,hdpornt.com,google.com,category,0
69,momsonsex.ws,google.com,category,0
70,gaypornjapanese.com,google.com,category,0
71,toiletporn.video,google.com,category,0
72,groupfuck.me,google.com,category,0
73,gaymexicomap.com,google.com,category,0
74,sopornnow.com,google.com,category,0
75,newyorksexoffenderslist.com,google.com,category,0
76,kagayaku3.com,google.com,category,0
77,http://rubicon2.gyydmmbygaytmoi.com,google.com,category,0
78,lookpornpics.com,google.com,category,0
79,yahoo.com,google.com,category,0
80,thethings.com,google.com,category,0
81,accuweather.com,google.com,category,0
82,cnn.com,google.com,category,0
83,rt.com,google.com,category,0
84,dailymotion.com,google.com,category,0
85,cracked.com,google.com,category,0
86,wuxiaworld.com,google.com,category,0
87,entertainmentdaily.com,google.com,category,0
88,dailymail.co.uk,google.com,category,0
89,verifiedpolitics.com,google.com,category,0
90,huffingtonpost.ca,google.com,category,0
91,diez.hn,google.com,category,0
92,fame10.com,google.com,category,0
93,screenrant.com,google.com,category,0
94,piaotian.com,google.com,category,0
95,tmz.com,google.com,category,0
96,therichest.com,google.com,category,0
97,mocospace.com,google.com,category,0
98,telstra.com.au,google.com,category,0
99,complex.com,google.com,category,0
100,motorsport.com,google.com,category,0
101,usmagazine.com,google.com,category,0
102,fanfiction.net,google.com,category,0
103,ultimate-guitar.com,google.com,category,0
104,theclever.com,google.com,category,0
105,univision.com,google.com,category,0
106,wenxuecity.com,google.com,category,0
107,soaphub.com,google.com,category,0
108,twentytwowords.com,google.com,category,0
109,entertainmentdaily.co.uk,google.com,category,0
110,zeldadungeon.net,google.com,category,0
111,cookpad.com,google.com,category,0
112,wikihow.com,google.com,category,0
113,game-solver.com,google.com,category,0
114,inquisitr.com,google.com,category,0
115,gravitytales.com,google.com,category,0
116,abs-cbn.com,google.com,category,0
117,boredpanda.com,google.com,category,0
118,radaronline.com,google.com,category,0
119,jellyshare.com,google.com,category,0
120,minimalistbaker.com,google.com,category,0
121,wikia.com,google.com,category,0
122,lakersnation.com,google.com,category,0
123,bizpacreview.com,google.com,category,0
124,huffingtonpost.com,google.com,category,0
125,babygaga.com,google.com,category,0
126,12up.com,google.com,category,0
127,nickiswift.com,google.com,category,0
128,wordfind.com,google.com,category,0
129,fashionbeans.com,google.com,category,0
130,Data Not Available,google.com,category,0
131,youngcons.com,google.com,category,0
132,readcomiconline.to,google.com,category,0
133,ck101.com,google.com,category,0
134,daikynguyenvn.com,google.com,category,0
135,allkpop.com,google.com,category,0
136,cartooncrazy.net,google.com,category,0
137,mundohispanico.com,google.com,category,0
138,scarymommy.com,google.com,category,0
139,sindonews.com,google.com,category,0
140,timesofindia.com,google.com,category,0
141,tracfone.com,google.com,category,0
142,sinembargo.mx,google.com,category,0
143,novelplanet.com,google.com,category,0
144,pof.com,google.com,category,0
145,inquirer.net,google.com,category,0
146,news.com.au,google.com,category,0
147,allenbwest.com,google.com,category,0
148,weather.com,google.com,category,0
149,drugs.com,google.com,category,0
150,comicbook.com,google.com,category,0
151,thehill.com,google.com,category,0
152,mtonews.com,google.com,category,0
153,shmoop.com,google.com,category,0
154,ranker.com,google.com,category,0
155,spiegel.de,google.com,category,0
156,taste.com.au,google.com,category,0
157,sandrarose.com,google.com,category,0
158,worldlifestyle.com,google.com,category,0
159,icepop.com,google.com,category,0
160,diply.com,google.com,category,0
161,gamut.media,google.com,category,0
162,thestorypedia.com,google.com,category,0
163,hometalk.com,google.com,category,0
164,lifedaily.com,google.com,category,0
165,break.com,google.com,category,0
166,lanacion.com.ar,google.com,category,0
167,footballitarin.com,google.com,category,0
168,looper.com,google.com,category,0
169,as.com,google.com,category,0
170,kissmanga.com,google.com,category,0
171,lipstickalley.com,google.com,category,0
172,toriavey.com,google.com,category,0
173,heraldsun.com.au,google.com,category,0
174,dramacity.se,google.com,category,0
175,mopub.com,google.com,category,0
176,sarahpalin.com,google.com,category,0
177,reuters.com,google.com,category,0
178,answers.com,google.com,category,0
179,popculture.com,google.com,category,0
180,theage.com.au,google.com,category,0
181,vice.com,google.com,category,0
182,westernjournalism.com,google.com,category,0
183,cafemom.com,google.com,category,0
184,yourdictionary.com,google.com,category,0
185,brainfall.com,google.com,category,0
186,mediatakeout.com,google.com,category,0
187,schaeffersresearch.com,google.com,category,0
188,pinoychannel.pw,google.com,category,0
189,pausefun.com,google.com,category,0
190,collegehumor.com,google.com,category,0
191,thoughtcatalog.com,google.com,category,0
192,segmentnext.com,google.com,category,0
193,awm.com,google.com,category,0
194,diendanlequydon.com,google.com,category,0
195,jamieoliver.com,google.com,category,0
196,hotnewhiphop.com,google.com,category,0
197,losangelespost.com,google.com,category,0
198,tvarticles.me,google.com,category,0
199,dailywire.com,google.com,category,0
200,autoblog.com,google.com,category,0
201,allscrabblewords.com,google.com,category,0
202,thesportster.com,google.com,category,0
203,hooch.net,google.com,category,0
204,calculatorsoup.com,google.com,category,0
205,heavy.com,google.com,category,0
206,sohh.com,google.com,category,0
207,people.com,google.com,category,0
208,talkwithstranger.com,google.com,category,0
209,madamenoire.com,google.com,category,0
210,prensalibre.com,google.com,category,0
211,thedrive.com,google.com,category,0
212,rollingstone.com,google.com,category,0
213,mynavi.jp,google.com,category,0
214,cosmopolitan.com,google.com,category,0
215,giallozafferano.it,google.com,category,0
216,sciencechannel.com,google.com,category,0
217,sinarharian.com.my,google.com,category,0
218,khaosod.co.th,google.com,category,0
219,nerdist.com,google.com,category,0
220,watchcartoononline.io,google.com,category,0
221,nametests.com,google.com,category,0
222,kshow123.net,google.com,category,0
223,thebetterindia.com,google.com,category,0
224,thehardtimes.net,google.com,category,0
225,conservativefighters.com,google.com,category,0
226,dieharddemocrat.com,google.com,category,0
227,truyenfull.vn,google.com,category,0
228,photographyisnotacrime.com,google.com,category,0
229,tfln.co,google.com,category,0
230,alfemminile.com,google.com,category,0
231,ghanaweb.com,google.com,category,0
232,foxnews.com,google.com,category,0
233,saleminteractivemedia.com,google.com,category,0
234,unilad.co.uk,google.com,category,0
235,ad.nl,google.com,category,0
236,litscape.com,google.com,category,0
237,gladwire.com,google.com,category,0
238,onceuponachef.com,google.com,category,0
239,magiquiz.com,google.com,category,0
240,novelupdates.com,google.com,category,0
241,90min.com,google.com,category,0
242,eluniversal.com.mx,google.com,category,0
243,sarahah.com,google.com,category,0
244,truthfeednews.com,google.com,category,0
245,asianfanfics.com,google.com,category,0
246,realclearpolitics.com,google.com,category,0
247,talksport.com,google.com,category,0
248,vacationidea.com,google.com,category,0
249,readlightnovel.org,google.com,category,0
250,socialtimeout.com,google.com,category,0
251,knowable.com,google.com,category,0
252,pravda.ru,google.com,category,0
253,rich.st,google.com,category,0
254,topix.com,google.com,category,0
255,eenadu.net,google.com,category,0
256,huffpost.com,google.com,category,0
257,modernmom.com,google.com,category,0
258,att.net,google.com,category,0
259,telegraph.co.uk,google.com,category,0
260,bbc.com,google.com,category,0
261,overstock.com,google.com,category,0
262,scrabblewordfinder.org,google.com,category,0
263,wnd.com,google.com,category,0
264,toutiaoabc.com,google.com,category,0
265,cookieandkate.com,google.com,category,0
266,manganel.com,google.com,category,0
267,webtinnhanh.com,google.com,category,0
268,unimedia.info,google.com,category,0
269,sto.cc,google.com,category,0
270,thegamer.com,google.com,category,0
271,okmagazine.com,google.com,category,0
272,elheraldo.hn,google.com,category,0
273,indianexpress.com,google.com,category,0
274,msn.com,google.com,category,0
275,grunge.com,google.com,category,0
276,huffingtonpost.fr,google.com,category,0
277,aplus.com,google.com,category,0
278,indiatimes.com,google.com,category,0
279,fantasypros.com,google.com,category,0
280,healthline.com,google.com,category,0
281,rd.com,google.com,category,0
282,wordplays.com,google.com,category,0
283,mentertained.com,google.com,category,0
284,minq.com,google.com,category,0
285,covers.com,google.com,category,0
286,tribunist.com,google.com,category,0
287,gumtree.com.au,google.com,category,0
288,kissasian.ch,google.com,category,0
289,bilutv.com,google.com,category,0
290,webtretho.com,google.com,category,0
291,tampabay.com,google.com,category,0
292,inspiremore.com,google.com,category,0
293,marca.com,google.com,category,0
294,pausefoot.com,google.com,category,0
295,thestartmagazine.com,google.com,category,0
296,achgut.com,google.com,category,0
297,convertunits.com,google.com,category,0
298,goodfullness.com,google.com,category,0
299,telerama.fr,google.com,category,0
300,footyroom.com,google.com,category,0
301,india-forums.com,google.com,category,0
302,atlantablackstar.com,google.com,category,0
303,fextralife.com,google.com,category,0
304,stltoday.com,google.com,category,0
305,viralnova.com,google.com,category,0
306,pinchofyum.com,google.com,category,0
307,tickld.com,google.com,category,0
308,hitta.se,google.com,category,0
309,thesun.co.uk,google.com,category,0
310,mentalfloss.com,google.com,category,0
311,libertyonetv.com,google.com,category,0
312,kisscartoon.es,google.com,category,0
313,gimmesomeoven.com,google.com,category,0
314,conservativetribune.com,google.com,category,0
315,disboards.com,google.com,category,0
316,destinylfg.net,google.com,category,0
317,toyokeizai.net,google.com,category,0
318,soul-anime.us,google.com,category,0
319,bostonherald.com,google.com,category,0
320,hollywoodreporter.com,google.com,category,0
321,patheos.com,google.com,category,0
322,gamersheroes.com,google.com,category,0
323,lavanguardia.com,google.com,category,0
324,1967.com,google.com,category,0
325,sherdog.com,google.com,category,0
326,thetalko.com,google.com,category,0
327,seword.com,google.com,category,0
328,gymhuntr.com,google.com,category,0
329,almanac.com,google.com,category,0
330,watchcartoononline.com,google.com,category,0
331,babycenter.com.au,google.com,category,0
332,news4jax.com,google.com,category,0
333,weqyoua.net,google.com,category,0
334,fimfiction.net,google.com,category,0
335,viewasian.com,google.com,category,0
336,laprensa.hn,google.com,category,0
337,gameskinny.com,google.com,category,0
338,vietjack.com,google.com,category,0
339,gamepedia.com,google.com,category,0
340,gpblog.nl,google.com,category,0
341,gazeta.pl,google.com,category,0
342,kissanime.co,google.com,category,0
343,sixsistersstuff.com,google.com,category,0
344,lindaikejisblog.com,google.com,category,0
345,nationalreview.com,google.com,category,0
346,dinnerthendessert.com,google.com,category,0
347,netzwelt.de,google.com,category,0
348,mirror.co.uk,google.com,category,0
349,honesttopaws.com,google.com,category,0
350,healthyandnaturalworld.com,google.com,category,0
351,leaguesecretary.com,google.com,category,0
352,suntamil.net,google.com,category,0
353,bulbagarden.net,google.com,category,0
354,policulous.com,google.com,category,0
355,ellentube.com,google.com,category,0
356,healthyceleb.com,google.com,category,0
357,ngoisao.net,google.com,category,0
358,lostiempos.com,google.com,category,0
359,greekrank.com,google.com,category,0
360,pep.ph,google.com,category,0
361,reviewjournal.com,google.com,category,0
362,pocket-lint.com,google.com,category,0
363,express.co.uk,google.com,category,0
364,healthprep.com,google.com,category,0
365,bringatrailer.com,google.com,category,0
366,grindtv.com,google.com,category,0
367,providr.com,google.com,category,0
368,cbr.com,google.com,category,0
369,foodnetwork.com,google.com,category,0
370,musica.com,google.com,category,0
371,mobileposse.com,google.com,category,0
372,motor1.com,google.com,category,0
373,kitco.com,google.com,category,0
374,distractify.com,google.com,category,0
375,relayhero.com,google.com,category,0
376,clipinteractive.com,google.com,category,0
377,idahostatesman.com,google.com,category,0
378,thesaurus.com,google.com,category,0
379,thehindu.com,google.com,category,0
380,wired.co.uk,google.com,category,0
381,wattpad.com,google.com,category,0
382,nine.com.au,google.com,category,0
383,mercurynews.com,google.com,category,0
384,alternativenation.net,google.com,category,0
385,viralsh.com,google.com,category,0
386,livescore.co.kr,google.com,category,0
387,urbandictionary.com,google.com,category,0
388,k-popstream.com,google.com,category,0
389,the-line-up.com,google.com,category,0
390,tastesbetterfromscratch.com,google.com,category,0
391,tamilserials.tv,google.com,category,0
392,movieweb.com,google.com,category,0
393,iloveoldschoolmusic.com,google.com,category,0
394,royalroadl.com,google.com,category,0
395,steadyhealth.com,google.com,category,0
396,wordpress.com,google.com,category,0
397,plainchicken.com,google.com,category,0
398,billboard.com,google.com,category,0
399,lightnovelbastion.com,google.com,category,0
400,andhrajyothy.com,google.com,category,0
401,pausepeople.com,google.com,category,0
402,lanouvellerepublique.fr,google.com,category,0
403,elpais.com,google.com,category,0
404,otvfoco.com.br,google.com,category,0
405,hardcoregamer.com,google.com,category,0
406,wrestlingnews.co,google.com,category,0
407,care2.com,google.com,category,0
408,hollywood.com,google.com,category,0
409,ebay-kleinanzeigen.de,google.com,category,0
410,keyingredient.com,google.com,category,0
411,anewmode.com,google.com,category,0
412,bluelivesmatter.blue,google.com,category,0
413,shefinds.com,google.com,category,0
414,therecipecritic.com,google.com,category,0
415,ebaumsworld.com,google.com,category,0
416,twopeasandtheirpod.com,google.com,category,0
417,viral-wonderz.com,google.com,category,0
418,nydailynews.com,google.com,category,0
419,americanthinker.com,google.com,category,0
420,babycenter.com,google.com,category,0
421,vnexpress.net,google.com,category,0
422,espncricinfo.com,google.com,category,0
423,thewordfinder.com,google.com,category,0
424,celebdirtylaundry.com,google.com,category,0
425,sfgate.com,google.com,category,0
426,newarena.com,google.com,category,0
427,shared.com,google.com,category,0
428,averiecooks.com,google.com,category,0
429,interia.pl,google.com,category,0
430,wnyc.org,google.com,category,0
431,shacknews.com,google.com,category,0
432,apnews.com,google.com,category,0
433,tumangaonline.com,google.com,category,0
434,ask-oracle.com,google.com,category,0
435,thebigmansworld.com,google.com,category,0
436,creaders.net,google.com,category,0
437,onlyinyourstate.com,google.com,category,0
438,vanguardngr.com,google.com,category,0
439,babylonbee.com,google.com,category,0
440,letras.mus.br,google.com,category,0
441,kissanime.ru,google.com,category,0
442,elperiodico.com,google.com,category,0
443,nationaldaycalendar.com,google.com,category,0
444,activebeat.co,google.com,category,0
445,siasat.com,google.com,category,0
446,xaluan.com,google.com,category,0
447,lnmtl.com,google.com,category,0
448,sportschew.com,google.com,category,0
449,earthsky.org,google.com,category,0
450,olx.com.br,google.com,category,0
451,quizzclub.com,google.com,category,0
452,whats-on-netflix.com,google.com,category,0
453,ehealthme.com,google.com,category,0
454,usanewsflash.com,google.com,category,0
455,americanmilitarynews.com,google.com,category,0
456,sparknotes.com,google.com,category,0
457,sport.es,google.com,category,0
458,christian-dogma.com,google.com,category,0
459,boursorama.com,google.com,category,0
460,finecooking.com,google.com,category,0
461,carls-sims-4-guide.com,google.com,category,0
462,dinarrecaps.com,google.com,category,0
463,fantrax.com,google.com,category,0
464,dailystar.co.uk,google.com,category,0
465,listverse.com,google.com,category,0
466,azlyrics.com,google.com,category,0
467,dandydon.com,google.com,category,0
468,tvguide.com,google.com,category,0
469,ambitiouskitchen.com,google.com,category,0
470,trustedpsychicmediums.com,google.com,category,0
471,loigiaihay.com,google.com,category,0
472,ilovemyfreedom.org,google.com,category,0
473,healthyway.com,google.com,category,0
474,medpulse.ru,google.com,category,0
475,vvng.com,google.com,category,0
476,dulfy.net,google.com,category,0
477,mako.co.il,google.com,category,0
478,jocooks.com,google.com,category,0
479,dailycaller.com,google.com,category,0
480,girlschannel.net,google.com,category,0
481,disqus.com,google.com,category,0
482,bellybelly.com.au,google.com,category,0
483,mcall.com,google.com,category,0
484,deadline.com,google.com,category,0
485,visihow.com,google.com,category,0
486,doubleclick.net,google.com,category,0
487,realfarmacy.com,google.com,category,0
488,eldersweather.com.au,google.com,category,0
489,footballscoop.com,google.com,category,0
490,themagicalslowcooker.com,google.com,category,0
491,milenio.com,google.com,category,0
492,ocregister.com,google.com,category,0
493,totalprosports.com,google.com,category,0
494,gosunoob.com,google.com,category,0
495,dramafire.com,google.com,category,0
496,record.com.mx,google.com,category,0
497,huskermax.com,google.com,category,0
498,activebeat.com,google.com,category,0
499,eluniverso.com,google.com,category,0
500,fantasysp.com,google.com,category,0
501,baykoreans.link,google.com,category,0
502,thedailybeast.com,google.com,category,0
503,starcasm.net,google.com,category,0
504,greatist.com,google.com,category,0
505,excite.co.jp,google.com,category,0
506,huvle.com,google.com,category,0
507,realgm.com,google.com,category,0
508,bestie.vn,google.com,category,0
509,scout.com,google.com,category,0
510,hockeybuzz.com,google.com,category,0
511,auntyflo.com,google.com,category,0
512,korvideo.com,google.com,category,0
513,pensandpatron.com,google.com,category,0
514,bossip.com,google.com,category,0
515,hubpages.com,google.com,category,0
516,nicerdays.org,google.com,category,0
517,essence.com,google.com,category,0
518,metsmerizedonline.com,google.com,category,0
519,screen.st,google.com,category,0
520,pjmedia.com,google.com,category,0
521,fanbuzz.com,google.com,category,0
522,popyard.com,google.com,category,0
523,petplace.com,google.com,category,0
524,ftw.in,google.com,category,0
525,writical.com,google.com,category,0
526,latimes.com,google.com,category,0
527,koreaboo.com,google.com,category,0
528,gamepress.gg,google.com,category,0
529,rap-up.com,google.com,category,0
530,brickseek.com,google.com,category,0
531,meteofrance.com,google.com,category,0
532,iwashyoudry.com,google.com,category,0
533,financeblvd.com,google.com,category,0
534,whatculture.com,google.com,category,0
535,kimcartoon.me,google.com,category,0
536,spotrac.com,google.com,category,0
537,vndoc.com,google.com,category,0
538,lady-first.net,google.com,category,0
539,thechive.com,google.com,category,0
540,driving.co.uk,google.com,category,0
541,aciprensa.com,google.com,category,0
542,thestate.com,google.com,category,0
543,removeandreplace.com,google.com,category,0
544,iheartrecipes.com,google.com,category,0
545,tvn24.pl,google.com,category,0
546,yan.vn,google.com,category,0
547,ktla.com,google.com,category,0
548,gurl.com,google.com,category,0
549,theatlantic.com,google.com,category,0
550,youredm.com,google.com,category,0
551,greatandhra.com,google.com,category,0
552,facebook.com,google.com,category,0
553,juliasalbum.com,google.com,category,0
554,thing.st,google.com,category,0
555,ibreatheimhungry.com,google.com,category,0
556,alternet.org,google.com,category,0
557,spine-health.com,google.com,category,0
558,catholic.org,google.com,category,0
559,tiphero.com,google.com,category,0
560,bleacherreport.com,google.com,category,0
561,mysubscriptionaddiction.com,google.com,category,0
562,wordsinasentence.com,google.com,category,0
563,simplemost.com,google.com,category,0
564,curiouscat.me,google.com,category,0
565,globo.com,google.com,category,0
566,superhealthykids.com,google.com,category,0
567,thegrizzled.com,google.com,category,0
568,pokehuntr.com,google.com,category,0
569,thestayathomechef.com,google.com,category,0
570,dom2life.ru,google.com,category,0
571,justonecookbook.com,google.com,category,0
572,chron.com,google.com,category,0
573,thefederalistpapers.org,google.com,category,0
574,conservativeinstitute.org,google.com,category,0
575,footespagnol.fr,google.com,category,0
576,mundo.com,google.com,category,0
577,gimmedelicious.com,google.com,category,0
578,thepicta.com,google.com,category,0
579,allrecipes.com,google.com,category,0
580,naturallivingideas.com,google.com,category,0
581,ads11.vertamedia.com,google.com,category,0
582,boxingnews24.com,google.com,category,0
583,liveleak.com,google.com,category,0
584,rambler.ru,google.com,category,0
585,bigbrothernetwork.com,google.com,category,0
586,readcomicbooksonline.net,google.com,category,0
587,ads12.vertamedia.com,google.com,category,0
588,ads15.vertamedia.com,google.com,category,0
589,ads103.vertamedia.com,google.com,category,0
590,newsweek.com,google.com,category,0
591,shiroyukitranslations.com,google.com,category,0
592,boredomtherapy.com,google.com,category,0
593,netdoktor.de,google.com,category,0
594,thequiz.com,google.com,category,0
595,chinatimes.com,google.com,category,0
596,ads51.vertamedia.com,google.com,category,0
597,ads14.vertamedia.com,google.com,category,0
598,ads106.vertamedia.com,google.com,category,0
599,sugarapron.com,google.com,category,0
600,mother.ly,google.com,category,0
601,moneyinc.com,google.com,category,0
602,merriam-webster.com,google.com,category,0
603,klops.ru,google.com,category,0
604,altpress.com,google.com,category,0
605,trend-chaser.com,google.com,category,0
606,ads105.vertamedia.com,google.com,category,0
607,ikoreantv.com,google.com,category,0
608,ads102.vertamedia.com,google.com,category,0
609,eatingonadime.com,google.com,category,0
610,meaww.com,google.com,category,0
611,gospelfive.com.br,google.com,category,0
612,ads101.vertamedia.com,google.com,category,0
613,tvtropes.org,google.com,category,0
614,perk.tv,google.com,category,0
615,destructoid.com,google.com,category,0
616,naungon.info,google.com,category,0
617,sosharethis.com,google.com,category,0
618,walterfootball.com,google.com,category,0
619,apnetv.tv,google.com,category,0
620,thedoctorsnews.com,google.com,category,0
621,word-grabber.com,google.com,category,0
622,mediaite.com,google.com,category,0
623,littlethings.com,google.com,category,0
624,flixed.io,google.com,category,0
625,omgcheckitout.com,google.com,category,0
626,zerohedge.com,google.com,category,0
627,clutchpoints.com,google.com,category,0
628,wiocha.pl,google.com,category,0
629,tvnotas.com.mx,google.com,category,0
630,iwin.com,google.com,category,0
631,playspades-online.com,google.com,category,0
632,washingtonexaminer.com,google.com,category,0
633,malesbanget.com,google.com,category,0
634,recipesthatcrock.com,google.com,category,0
635,cakescottage.com,google.com,category,0
636,testony.com,google.com,category,0
637,grabien.com,google.com,category,0
638,volarenovels.com,google.com,category,0
639,repubblica.it,google.com,category,0
640,euroresidentes.com,google.com,category,0
641,nationalpost.com,google.com,category,0
642,redspot.tv,google.com,category,0
643,sltrib.com,google.com,category,0
644,chineseinla.com,google.com,category,0
645,cheatcc.com,google.com,category,0
646,business-articles.me,google.com,category,0
647,knowing-jesus.com,google.com,category,0
648,transworld.net,google.com,category,0
649,d20pfsrd.com,google.com,category,0
650,wittyfeed.me,google.com,category,0
651,westerday.net,google.com,category,0
652,thegatewaypundit.com,google.com,category,0
653,mmaweekly.com,google.com,category,0
654,culinaryhill.com,google.com,category,0
655,ibtimes.com,google.com,category,0
656,careerbuilder.com,google.com,category,0
657,cincyshopper.com,google.com,category,0
658,androidpolice.com,google.com,category,0
659,iflscience.com,google.com,category,0
660,nation.co.ke,google.com,category,0
661,southernplate.com,google.com,category,0
662,gocomics.com,google.com,category,0
663,thegrio.com,google.com,category,0
664,therealrickeysmiley.com,google.com,category,0
665,nikkei225jp.com,google.com,category,0
666,eksisozluk.com,google.com,category,0
667,lovepanky.com,google.com,category,0
668,bongda24h.vn,google.com,category,0
669,drudgereport.com,google.com,category,0
670,pixnet.net,google.com,category,0
671,ajitjalandhar.com,google.com,category,0
672,ancient-origins.net,google.com,category,0
673,momonestyle.com,google.com,category,0
674,whereisdown.com,google.com,category,0
675,pastemagazine.com,google.com,category,0
676,babyg.st,google.com,category,0
677,spaghettimodels.com,google.com,category,0
678,channel3000.com,google.com,category,0
679,braincandy.net,google.com,category,0
680,anandabazar.com,google.com,category,0
681,awfulannouncing.com,google.com,category,0
682,chefsavvy.com,google.com,category,0
683,usweekly.com,google.com,category,0
684,kevinandamanda.com,google.com,category,0
685,rockfordscanner.com,google.com,category,0
686,timesofisrael.com,google.com,category,0
687,yellowblissroad.com,google.com,category,0
688,nbcsports.com,google.com,category,0
689,macon.com,google.com,category,0
690,detoxinista.com,google.com,category,0
691,theamericanmirror.com,google.com,category,0
692,cheezburger.com,google.com,category,0
693,celebitchy.com,google.com,category,0
694,weddingbee.com,google.com,category,0
695,pch.com,google.com,category,0
696,gazettereview.com,google.com,category,0
697,prosport.ro,google.com,category,0
698,upi.com,google.com,category,0
699,johnpavlovitz.com,google.com,category,0
700,elmundo.es,google.com,category,0
701,hindistop.com,google.com,category,0
702,sportschatplace.com,google.com,category,0
703,laprensa.com.ni,google.com,category,0
704,solarmoviefree.me,google.com,category,0
705,musicjinni.com,google.com,category,0
706,nrj-play.fr,google.com,category,0
707,popsugar.com,google.com,category,0
708,lovetvshow.info,google.com,category,0
709,cookingpanda.com,google.com,category,0
710,wrestlezone.com,google.com,category,0
711,pikio.pl,google.com,category,0
712,lapatilla.com,google.com,category,0
713,priuschat.com,google.com,category,0
714,se.com,google.com,category,0
715,dolartoday.com,google.com,category,0
716,thelutchmanreport.com,google.com,category,0
717,bakerbynature.com,google.com,category,0
718,anonymous-news.com,google.com,category,0
719,datpiff.com,google.com,category,0
720,thelayoff.com,google.com,category,0
721,prothom-alo.com,google.com,category,0
722,pause-sport.com,google.com,category,0
723,mynhltraderumors.com,google.com,category,0
724,usmclife.com,google.com,category,0
725,movieonline.io,google.com,category,0
726,usherald.com,google.com,category,0
727,eltiempo.com,google.com,category,0
728,tarot.com,google.com,category,0
729,gamesradar.com,google.com,category,0
730,animedigitalnetwork.fr,google.com,category,0
731,wort-suchen.de,google.com,category,0
732,halfbakedharvest.com,google.com,category,0
733,cookiesandcups.com,google.com,category,0
734,hdontap.com,google.com,category,0
735,iowagirleats.com,google.com,category,0
736,nczas.com,google.com,category,0
737,urbo.com,google.com,category,0
738,dallasnews.com,google.com,category,0
739,tapoos.com,google.com,category,0
740,autoplenum.de,google.com,category,0
741,healthy-holistic-living.com,google.com,category,0
742,technobezz.com,google.com,category,0
743,dwnews.com,google.com,category,0
744,proprofs.com,google.com,category,0
745,bundestagswahl-2017.com,google.com,category,0
746,houseofomen.com,google.com,category,0
747,deguate.com,google.com,category,0
748,metv.com,google.com,category,0
749,tigernet.com,google.com,category,0
750,tutsplus.com,google.com,category,0
751,rappler.com,google.com,category,0
752,huaren.us,google.com,category,0
753,adintrend.com,google.com,category,0
754,soapcentral.com,google.com,category,0
755,nypost.com,google.com,category,0
756,naciodigital.cat,google.com,category,0
757,icy-veins.com,google.com,category,0
758,clickondetroit.com,google.com,category,0
759,wp.pl,google.com,category,0
760,destinationtips.com,google.com,category,0
761,littlebinsforlittlehands.com,google.com,category,0
762,wg-gesucht.de,google.com,category,0
763,oddee.com,google.com,category,0
764,thanhnien0nline.com,google.com,category,0
765,civicx.com,google.com,category,0
766,abovetopsecret.com,google.com,category,0
767,merojax.tv,google.com,category,0
768,sina.com.cn,google.com,category,0
769,kirbiecravings.com,google.com,category,0
770,livenewson.com,google.com,category,0
771,usnews.com,google.com,category,0
772,ijr.com,google.com,category,0
773,worldation.com,google.com,category,0
774,news365.life,google.com,category,0
775,dailyhealthpost.com,google.com,category,0
776,ethsat.com,google.com,category,0
777,football365.com,google.com,category,0
778,soapoperaspy.com,google.com,category,0
779,user.in.net,google.com,category,0
780,animalpolitico.com,google.com,category,0
781,baseball-reference.com,google.com,category,0
782,ettoday.net,google.com,category,0
783,peggo.tv,google.com,category,0
784,desitvbox.info,google.com,category,0
785,cifraclub.com.br,google.com,category,0
786,pizzabottle.com,google.com,category,0
787,hanginghyena.com,google.com,category,0
788,bangordailynews.com,google.com,category,0
789,muthead.com,google.com,category,0
790,myasiantv.se,google.com,category,0
791,20minutos.es,google.com,category,0
792,directexpose.com,google.com,category,0
793,w3newspapers.com,google.com,category,0
794,hollywoodlife.com,google.com,category,0
795,onet.pl,google.com,category,0
796,steelersdepot.com,google.com,category,0
797,mundodeportivo.com,google.com,category,0
798,business-tv.me,google.com,category,0
799,ftv-publicite.fr,google.com,category,0
800,indianhealthyrecipes.com,google.com,category,0
801,realself.com,google.com,category,0
802,statsroyale.com,google.com,category,0
803,mangakakalot.com,google.com,category,0
804,tagged.com,google.com,category,0
805,sstruyen.com,google.com,category,0
806,goalsarena.org,google.com,category,0
807,yeahmotor.com,google.com,category,0
808,creepypasta.com,google.com,category,0
809,docbao.vn,google.com,category,0
810,time.com,google.com,category,0
811,spectator.org,google.com,category,0
812,tastesoflizzyt.com,google.com,category,0
813,undership.com,google.com,category,0
814,kitchenfunwithmy3sons.com,google.com,category,0
815,nintendoeverything.com,google.com,category,0
816,carbonated.tv,google.com,category,0
817,scientificamerican.com,google.com,category,0
818,goodmenproject.com,google.com,category,0
819,miamiherald.com,google.com,category,0
820,articlebio.com,google.com,category,0
821,thefamouspeople.com,google.com,category,0
822,mediotiempo.com,google.com,category,0
823,signupgenius.com,google.com,category,0
824,dictionary.com,google.com,category,0
825,cnsnews.com,google.com,category,0
826,elnuevoherald.com,google.com,category,0
827,birthdaymessages.net,google.com,category,0
828,society19.com,google.com,category,0
829,gulte.com,google.com,category,0
830,justapinch.com,google.com,category,0
831,menshairstyletrends.com,google.com,category,0
832,t-online.de,google.com,category,0
833,buzzfile.com,google.com,category,0
834,pinoytambayanlambingan.com,google.com,category,0
835,cbsnews.com,google.com,category,0
836,wdwinfo.com,google.com,category,0
837,dm5.com,google.com,category,0
838,wearesc.com,google.com,category,0
839,facty.com,google.com,category,0
840,tomshardware.com,google.com,category,0
841,famousbirthdays.com,google.com,category,0
842,maplestage.com,google.com,category,0
843,vforum.vn,google.com,category,0
844,leoaffairs.com,google.com,category,0
845,listchallenges.com,google.com,category,0
846,survivinginfidelity.com,google.com,category,0
847,ebroadcast.com.au,google.com,category,0
848,homeaway.com,google.com,category,0
849,otakukart.com,google.com,category,0
850,rumble.com,google.com,category,0
851,sporcle.com,google.com,category,0
852,laurenslatest.com,google.com,category,0
853,phunuvagiadinh.vn,google.com,category,0
854,historynet.com,google.com,category,0
855,thecomeback.com,google.com,category,0
856,iranianuk.com,google.com,category,0
857,rpp.pe,google.com,category,0
858,startribune.com,google.com,category,0
859,igeeksblog.com,google.com,category,0
860,baodatviet.vn,google.com,category,0
861,elevenwarriors.com,google.com,category,0
862,xfinity.com,google.com,category,0
863,europe1.fr,google.com,category,0
864,newsnow.co.uk,google.com,category,0
865,wordreference.com,google.com,category,0
866,atsports.com,google.com,category,0
867,trustedreviews.com,google.com,category,0
868,korrespondent.net,google.com,category,0
869,pairedlife.com,google.com,category,0
870,twentyverse.com,google.com,category,0
871,blic.rs,google.com,category,0
872,maxifoot.fr,google.com,category,0
873,theguardian.com,google.com,category,0
874,todayifoundout.com,google.com,category,0
875,go.com,google.com,category,0
876,yourhomebasedmom.com,google.com,category,0
877,ampproject.org,google.com,category,0
878,pagina12.com.ar,google.com,category,0
879,lifehack.org,google.com,category,0
880,primaverakitchen.com,google.com,category,0
881,surfer.com,google.com,category,0
882,nbamaniacs.com,google.com,category,0
883,disqusads.com,google.com,category,0
884,dorkly.com,google.com,category,0
885,rac1.cat,google.com,category,0
886,jawabantebakgambar.net,google.com,category,0
887,thecountrycook.net,google.com,category,0
888,hoctotnguvan.net,google.com,category,0
889,theaviationist.com,google.com,category,0
890,sacbee.com,google.com,category,0
891,gameranx.com,google.com,category,0
892,truyencuatui.net,google.com,category,0
893,theheartysoul.com,google.com,category,0
894,thehulltruth.com,google.com,category,0
895,active.com,google.com,category,0
896,weqyoua.com,google.com,category,0
897,pinknews.co.uk,google.com,category,0
898,ewrestlingnews.com,google.com,category,0
899,theprayingwoman.com,google.com,category,0
900,bellezas.life,google.com,category,0
901,sportskeeda.com,google.com,category,0
902,prokerala.com,google.com,category,0
903,butterwithasideofbread.com,google.com,category,0
904,motor-junkie.com,google.com,category,0
905,uberhumor.com,google.com,category,0
906,uptodown.com,google.com,category,0
907,radianttranslations.com,google.com,category,0
908,natemat.pl,google.com,category,0
909,runningintheusa.com,google.com,category,0
910,azasianow.com,google.com,category,0
911,hiphopmyway.com,google.com,category,0
912,americannews.com,google.com,category,0
913,previously.tv,google.com,category,0
914,ford-trucks.com,google.com,category,0
915,przyslijprzepis.pl,google.com,category,0
916,truepundit.com,google.com,category,0
917,michaelbaisden.com,google.com,category,0
918,inspiredtaste.net,google.com,category,0
919,suggest.com,google.com,category,0
920,mangaid.co,google.com,category,0
921,freebiemom.com,google.com,category,0
922,fivehearthome.com,google.com,category,0
923,ultimateclassicrock.com,google.com,category,0
924,eazypeazymealz.com,google.com,category,0
925,badtameezdil.net,google.com,category,0
926,howsweeteats.com,google.com,category,0
927,thekitchn.com,google.com,category,0
928,valubit.cc,google.com,category,0
929,historycollection.co,google.com,category,0
930,abc.es,google.com,category,0
931,panet.co.il,google.com,category,0
932,patient.info,google.com,category,0
933,justjared.com,google.com,category,0
934,suntimes.com,google.com,category,0
935,pissedconsumer.com,google.com,category,0
936,usatoday.com,google.com,category,0
937,mangalife.us,google.com,category,0
938,emisoras.com.mx,google.com,category,0
939,fightful.com,google.com,category,0
940,momminghard.com,google.com,category,0
941,twinfinite.net,google.com,category,0
942,themediterraneandish.com,google.com,category,0
943,vegrecipesofindia.com,google.com,category,0
944,consequenceofsound.net,google.com,category,0
945,gamepressure.com,google.com,category,0
946,moneycontrol.com,google.com,category,0
947,pinoytv.ae,google.com,category,0
948,postize.com,google.com,category,0
949,dailysuperheroes.com,google.com,category,0
950,paraloscuriosos.com,google.com,category,0
951,co.com,google.com,category,0
952,jornalivre.com,google.com,category,0
953,elitedaily.com,google.com,category,0
954,sneakernews.com,google.com,category,0
955,weei.com,google.com,category,0
956,tenplay.com.au,google.com,category,0
957,mp4upload.com,google.com,category,0
958,light-dark.net,google.com,category,0
959,ldsliving.com,google.com,category,0
960,sillyseason.se,google.com,category,0
961,indiewire.com,google.com,category,0
962,manga99.com,google.com,category,0
963,tvline.com,google.com,category,0
964,betches.com,google.com,category,0
965,123video.tv,google.com,category,0
966,stardewvalleywiki.com,google.com,category,0
967,culturacolectiva.com,google.com,category,0
968,morningticker.com,google.com,category,0
969,quotev.com,google.com,category,0
970,vkool.com,google.com,category,0
971,christianpost.com,google.com,category,0
972,hockeysfuture.com,google.com,category,0
973,websleuths.com,google.com,category,0
974,mangastream.com,google.com,category,0
975,ihavethetruth.com,google.com,category,0
976,bakeatmidnite.com,google.com,category,0
977,younghouselove.com,google.com,category,0
978,rfi.fr,google.com,category,0
979,politifact.com,google.com,category,0
980,straightdope.com,google.com,category,0
981,dreamstop.com,google.com,category,0
982,mothership.sg,google.com,category,0
983,gamehunters.club,google.com,category,0
984,rhymezone.com,google.com,category,0
985,softschools.com,google.com,category,0
986,nytimes.com,google.com,category,0
987,blogdetik.com,google.com,category,0
988,madworldnews.com,google.com,category,0
989,gujaratsamachar.com,google.com,category,0
990,staradvertiser.com,google.com,category,0
991,sprueche-und-wuensche.de,google.com,category,0
992,astrologyzone.com,google.com,category,0
993,smartschoolhouse.com,google.com,category,0
994,mangashiro.net,google.com,category,0
995,tokhoe.com,google.com,category,0
996,lumberjocks.com,google.com,category,0
997,fashionlib.net,google.com,category,0
998,teamrock.com,google.com,category,0
999,pnovels.com,google.com,category,0
1000,vilaweb.cat,google.com,category,0
1001,thewhoot.com.au,google.com,category,0
1002,vikatan.com,google.com,category,0
1003,fresnobee.com,google.com,category,0
1004,thelist.com,google.com,category,0
1005,sullca.com,google.com,category,0
1006,ledger-enquirer.com,google.com,category,0
1007,reverepress.com,google.com,category,0
1008,usssa.com,google.com,category,0
1009,tv3.lt,google.com,category,0
1010,relationshiptalk.net,google.com,category,0
1011,gmanetwork.com,google.com,category,0
1012,cbslocal.com,google.com,category,0
1013,mtggoldfish.com,google.com,category,0
1014,divyabhaskar.co.in,google.com,category,0
1015,oantagonista.com,google.com,category,0
1016,fixya.com,google.com,category,0
1017,lequipe.fr,google.com,category,0
1018,countryrebel.com,google.com,category,0
1019,astromatcha.com,google.com,category,0
1020,musicfeeds.com.au,google.com,category,0
1021,radio.com,google.com,category,0
1022,mamaslatinas.com,google.com,category,0
1023,charlotteobserver.com,google.com,category,0
1024,sportsmediawatch.com,google.com,category,0
1025,sciencealert.com,google.com,category,0
1026,lankasri.com,google.com,category,0
1027,otomeobsessed.com,google.com,category,0
1028,health-and-love-page.com,google.com,category,0
1029,youm7.com,google.com,category,0
1030,vietbao.vn,google.com,category,0
1031,moonbunnycafe.com,google.com,category,0
1032,tiin.vn,google.com,category,0
1033,worldstarhiphop.com,google.com,category,0
1034,411mania.com,google.com,category,0
1035,leparisien.fr,google.com,category,0
1036,aheadofthyme.com,google.com,category,0
1037,agora.gg,google.com,category,0
1038,cnet.com,google.com,category,0
1039,destinygamewiki.com,google.com,category,0
1040,touchportal.de,google.com,category,0
1041,digitalponsel.com,google.com,category,0
1042,shaggytexas.com,google.com,category,0
1043,investopedia.com,google.com,category,0
1044,heroichollywood.com,google.com,category,0
1045,whisper.sh,google.com,category,0
1046,2carpros.com,google.com,category,0
1047,ndtv.com,google.com,category,0
1048,themindsjournal.com,google.com,category,0
1049,closetcooking.com,google.com,category,0
1050,politicususa.com,google.com,category,0
1051,thirtyhandmadedays.com,google.com,category,0
1052,heymanga.me,google.com,category,0
1053,wafb.com,google.com,category,0
1054,kurir.rs,google.com,category,0
1055,scooptimes.com,google.com,category,0
1056,androidcentral.com,google.com,category,0
1057,hola.com,google.com,category,0
1058,ifoodreal.com,google.com,category,0
1059,blitz.bg,google.com,category,0
1060,mangatail.com,google.com,category,0
1061,maxpreps.com,google.com,category,0
1062,phim.media,google.com,category,0
1063,nationalenquirer.com,google.com,category,0
1064,twosisterscrafting.com,google.com,category,0
1065,gamefaqs.com,google.com,category,0
1066,layanjer.com,google.com,category,0
1067,oracionesmilagrosasypoderosas.com,google.com,category,0
1068,somethingswanky.com,google.com,category,0
1069,jpost.com,google.com,category,0
1070,songmeanings.com,google.com,category,0
1071,mhoninoticias.com,google.com,category,0
1072,channelawesome.com,google.com,category,0
1073,bloody-disgusting.com,google.com,category,0
1074,menshealth.com,google.com,category,0
1075,bz-berlin.de,google.com,category,0
1076,fupa.net,google.com,category,0
1077,americanow.com,google.com,category,0
1078,hip2save.com,google.com,category,0
1079,oilprice.com,google.com,category,0
1080,operationsports.com,google.com,category,0
1081,khnovel.com,google.com,category,0
1082,bongdanet.vn,google.com,category,0
1083,letras.com,google.com,category,0
1084,futhead.com,google.com,category,0
1085,foxdeportes.com,google.com,category,0
1086,talkstreamlive.com,google.com,category,0
1087,mangahere.co,google.com,category,0
1088,umggaming.com,google.com,category,0
1089,gamessupreme.com,google.com,category,0
1090,top10homeremedies.com,google.com,category,0
1091,alfafaith.com,google.com,category,0
1092,momjunction.com,google.com,category,0
1093,pokehunter.co,google.com,category,0
1094,punjabkesari.in,google.com,category,0
1095,mooglyblog.com,google.com,category,0
1096,kawalingpinoy.com,google.com,category,0
1097,blogspot.co.id,google.com,category,0
1098,chicagotribune.com,google.com,category,0
1099,tvnovelas.com.br,google.com,category,0
1100,appunwrapper.com,google.com,category,0
1101,wirelesshack.org,google.com,category,0
1102,mutually.com,google.com,category,0
1103,brightside.me,google.com,category,0
1104,nameberry.com,google.com,category,0
1105,marmiton.org,google.com,category,0
1106,popmatters.com,google.com,category,0
1107,kansascity.com,google.com,category,0
1108,clvr.st,google.com,category,0
1109,veganricha.com,google.com,category,0
1110,tistory.com,google.com,category,0
1111,saafifilms.com,google.com,category,0
1112,amassly.com,google.com,category,0
1113,manoalaobra.co,google.com,category,0
1114,roadsnacks.net,google.com,category,0
1115,haber7.com,google.com,category,0
1116,jowhar.com,google.com,category,0
1117,liftable.com,google.com,category,0
1118,howtocleanstuff.net,google.com,category,0
1119,mis-suenos.org,google.com,category,0
1120,mtv.com.lb,google.com,category,0
1121,hoc24.vn,google.com,category,0
1122,cbssports.com,google.com,category,0
1123,mejorconsalud.com,google.com,category,0
1124,siamha.com,google.com,category,0
1125,midiamax.com.br,google.com,category,0
1126,detroitsportsnation.com,google.com,category,0
1127,nationofblue.com,google.com,category,0
1128,storiesofthemoment.com,google.com,category,0
1129,nesn.com,google.com,category,0
1130,rightwingnews.com,google.com,category,0
1131,tamilo.com,google.com,category,0
1132,homeremediesforlife.com,google.com,category,0
1133,thestallionstyle.com,google.com,category,0
1134,prudentpennypincher.com,google.com,category,0
1135,mangadeep.com,google.com,category,0
1136,wheeloffortuneanswer.com,google.com,category,0
1137,tennisworldusa.org,google.com,category,0
1138,macheesmo.com,google.com,category,0
1139,shopgoodwill.com,google.com,category,0
1140,di.se,google.com,category,0
1141,crosswordnexus.com,google.com,category,0
1142,raptureready.com,google.com,category,0
1143,howstuffworks.com,google.com,category,0
1144,gutefrage.net,google.com,category,0
1145,awesomeinventions.com,google.com,category,0
1146,latribuna.hn,google.com,category,0
1147,swagbucks.com,google.com,category,0
1148,bnd.com,google.com,category,0
1149,sa.com,google.com,category,0
1150,sulekha.com,google.com,category,0
1151,myincrediblerecipes.com,google.com,category,0
1152,tutorialspoint.com,google.com,category,0
1153,studenti.it,google.com,category,0
1154,calciomercato.com,google.com,category,0
1155,miaminewtimes.com,google.com,category,0
1156,taskandpurpose.com,google.com,category,0
1157,makeupalley.com,google.com,category,0
1158,encyclopedia.com,google.com,category,0
1159,asianetnews.com,google.com,category,0
1160,the-crossword-solver.com,google.com,category,0
1161,lorcabinet.com,google.com,category,0
1162,dramabeans.com,google.com,category,0
1163,elle.vn,google.com,category,0
1164,lebanese-forces.com,google.com,category,0
1165,estar.jp,google.com,category,0
1166,kanald.com.tr,google.com,category,0
1167,liverampup.com,google.com,category,0
1168,kobatochan.com,google.com,category,0
1169,nouvelobs.com,google.com,category,0
1170,cubaenmiami.com,google.com,category,0
1171,sousetsuka.com,google.com,category,0
1172,tasteandtellblog.com,google.com,category,0
1173,lightnovelgate.com,google.com,category,0
1174,explorerforum.com,google.com,category,0
1175,yeutre.vn,google.com,category,0
1176,list25.com,google.com,category,0
1177,thejakartapost.com,google.com,category,0
1178,astrologyanswers.com,google.com,category,0
1179,cdiscount.com,google.com,category,0
1180,heroacademia2.com,google.com,category,0
1181,thecottagemarket.com,google.com,category,0
1182,honda-tech.com,google.com,category,0
1183,snekibuzz.com,google.com,category,0
1184,farmmachinery.tv,google.com,category,0
1185,mangago.me,google.com,category,0
1186,homebnc.com,google.com,category,0
1187,icebreakerideas.com,google.com,category,0
1188,fsolver.fr,google.com,category,0
1189,ejemplos.co,google.com,category,0
1190,modbee.com,google.com,category,0
1191,clashroyalearena.com,google.com,category,0
1192,lsunow.com,google.com,category,0
1193,bd-pratidin.com,google.com,category,0
1194,soompi.com,google.com,category,0
1195,theblondcook.com,google.com,category,0
1196,yourcareeverywhere.com,google.com,category,0
1197,pethelpful.com,google.com,category,0
1198,ashams.com,google.com,category,0
1199,britishmalayali.co.uk,google.com,category,0
1200,pinoytambayanhd.me,google.com,category,0
1201,dailyverses.net,google.com,category,0
1202,123doc.org,google.com,category,0
1203,soulvibe.com,google.com,category,0
1204,tanya-tanya.com,google.com,category,0
1205,insight.co.kr,google.com,category,0
1206,chillpainai.com,google.com,category,0
1207,gtacentral.com,google.com,category,0
1208,laprensagrafica.com,google.com,category,0
1209,bipartisanreport.com,google.com,category,0
1210,sun-gazing.com,google.com,category,0
1211,therecoverysite.me,google.com,category,0
1212,iheartnaptime.net,google.com,category,0
1213,crunchycreamysweet.com,google.com,category,0
1214,crooksandliars.com,google.com,category,0
1215,dmv-written-test.com,google.com,category,0
1216,boxden.com,google.com,category,0
1217,postgradproblems.com,google.com,category,0
1218,kentuckysportsradio.com,google.com,category,0
1219,twotwentyone.net,google.com,category,0
1220,telegraaf.nl,google.com,category,0
1221,simplyrecipes.com,google.com,category,0
1222,philstar.com,google.com,category,0
1223,theweek.com,google.com,category,0
1224,ampproject.net,google.com,category,0
1225,islamicfinder.org,google.com,category,0
1226,ebay.fr,google.com,category,0
1227,refinancegold.com,google.com,category,0
1228,jamaicaobserver.com,google.com,category,0
1229,panlasangpinoy.com,google.com,category,0
1230,postpopular.com,google.com,category,0
1231,timesdaily.com,google.com,category,0
1232,reinventingaging.org,google.com,category,0
1233,wsmv.com,google.com,category,0
1234,ejemplode.com,google.com,category,0
1235,wyznajemy.pl,google.com,category,0
1236,topontiki.gr,google.com,category,0
1237,lovebscott.com,google.com,category,0
1238,egmnow.com,google.com,category,0
1239,ilbe.com,google.com,category,0
1240,truyenyy.com,google.com,category,0
1241,thewholesomedish.com,google.com,category,0
1242,futbolete.com,google.com,category,0
1243,oola.com,google.com,category,0
1244,headcramp.com,google.com,category,0
1245,sekindo.com,google.com,category,0
1246,seneweb.com,google.com,category,0
1247,slader.com,google.com,category,0
1248,elotrolado.net,google.com,category,0
1249,ihorror.com,google.com,category,0
1250,eldiariodechihuahua.mx,google.com,category,0
1251,damndelicious.net,google.com,category,0
1252,hackthemenu.com,google.com,category,0
1253,kxan.com,google.com,category,0
1254,clutchfans.net,google.com,category,0
1255,howdoesshe.com,google.com,category,0
1256,littlealchemyguide.com,google.com,category,0
1257,firstpost.com,google.com,category,0
1258,surrenderat20.net,google.com,category,0
1259,ntd.tv,google.com,category,0
1260,dinarguru.com,google.com,category,0
1261,simsvip.com,google.com,category,0
1262,bolde.com,google.com,category,0
1263,wordbrain.info,google.com,category,0
1264,lyrics.com,google.com,category,0
1265,gamerescape.com,google.com,category,0
1266,filgoal.com,google.com,category,0
1267,bellanaija.com,google.com,category,0
1268,thatgrapejuice.net,google.com,category,0
1269,buenamente.com,google.com,category,0
1270,pravdareport.com,google.com,category,0
1271,excite.es,google.com,category,0
1272,decaturdaily.com,google.com,category,0
1273,oracionesalossantos.com,google.com,category,0
1274,hardwarezone.com.sg,google.com,category,0
1275,deckshop.pro,google.com,category,0
1276,hebbarskitchen.com,google.com,category,0
1277,laughingspatula.com,google.com,category,0
1278,pcgamer.com,google.com,category,0
1279,foodfolksandfun.net,google.com,category,0
1280,psicologiaymente.net,google.com,category,0
1281,kenyamoja.com,google.com,category,0
1282,deeperhealthperspectives.com,google.com,category,0
1283,lovetoknow.com,google.com,category,0
1284,theantimedia.org,google.com,category,0
1285,tseirptranslations.com,google.com,category,0
1286,appletoolbox.com,google.com,category,0
1287,israelnationalnews.com,google.com,category,0
1288,thesurfersview.com,google.com,category,0
1289,littlesweetbaker.com,google.com,category,0
1290,pollen.com,google.com,category,0
1291,bradenton.com,google.com,category,0
1292,collective-evolution.com,google.com,category,0
1293,lyricstranslate.com,google.com,category,0
1294,thelambingan.net,google.com,category,0
1295,fizcultprivet.ru,google.com,category,0
1296,thissongissick.com,google.com,category,0
1297,webnovel.com,google.com,category,0
1298,visitlondon.com,google.com,category,0
1299,walla.co.il,google.com,category,0
1300,thisdaylive.com,google.com,category,0
1301,shape.com,google.com,category,0
1302,gossipcop.com,google.com,category,0
1303,ole.vn,google.com,category,0
1304,allaboutthetea.com,google.com,category,0
1305,greenbaycrimereports.com,google.com,category,0
1306,onecrazyhouse.com,google.com,category,0
1307,star-telegram.com,google.com,category,0
1308,straightfromthea.com,google.com,category,0
1309,rapsheets.org,google.com,category,0
1310,fullmatchesandshows.com,google.com,category,0
1311,sfglobe.com,google.com,category,0
1312,tiger-algebra.com,google.com,category,0
1313,gogoanime.io,google.com,category,0
1314,madgic.com,google.com,category,0
1315,donbalon.com,google.com,category,0
1316,theblackloop.com,google.com,category,0
1317,imobie.com,google.com,category,0
1318,coolmath-games.com,google.com,category,0
1319,langleytimes.com,google.com,category,0
1320,omgchocolatedesserts.com,google.com,category,0
1321,manualsonline.com,google.com,category,0
1322,eheadlines.com,google.com,category,0
1323,addictinginfo.com,google.com,category,0
1324,tokyo-sports.co.jp,google.com,category,0
1325,haberler.com,google.com,category,0
1326,proceso.com.mx,google.com,category,0
1327,cari.com.my,google.com,category,0
1328,tamilwin.com,google.com,category,0
1329,livemixtapes.com,google.com,category,0
1330,jetmag.com,google.com,category,0
1331,ehealthforum.com,google.com,category,0
1332,empireboobookitty.com,google.com,category,0
1333,nextluxury.com,google.com,category,0
1334,chicksontheright.com,google.com,category,0
1335,medicaregranny.com,google.com,category,0
1336,geteasysolution.com,google.com,category,0
1337,phonearena.com,google.com,category,0
1338,allthatsnews.com,google.com,category,0
1339,dawn.com,google.com,category,0
1340,damnlol.com,google.com,category,0
1341,hopamviet.vn,google.com,category,0
1342,realtimepolitics.com,google.com,category,0
1343,bikemag.com,google.com,category,0
1344,metro.co.uk,google.com,category,0
1345,rapetontv.com,google.com,category,0
1346,blogofdoom.com,google.com,category,0
1347,ebony.com,google.com,category,0
1348,click2houston.com,google.com,category,0
1349,rebelcircus.com,google.com,category,0
1350,onelittleproject.com,google.com,category,0
1351,petful.com,google.com,category,0
1352,desiserials.org,google.com,category,0
1353,theybf.com,google.com,category,0
1354,poskotanews.com,google.com,category,0
1355,wisebread.com,google.com,category,0
1356,poolhost.com,google.com,category,0
1357,diyjoy.com,google.com,category,0
1358,boxingscene.com,google.com,category,0
1359,dlisted.com,google.com,category,0
1360,heraldonline.com,google.com,category,0
1361,bestplaces.net,google.com,category,0
1362,loudwire.com,google.com,category,0
1363,protothema.gr,google.com,category,0
1364,phillyvoice.com,google.com,category,0
1365,thekitchenmagpie.com,google.com,category,0
1366,enyakinkargo.com,google.com,category,0
1367,okcupid.com,google.com,category,0
1368,rpgsite.net,google.com,category,0
1369,sahafahnet.com,google.com,category,0
1370,oneindia.com,google.com,category,0
1371,theepochtimes.com,google.com,category,0
1372,wktv.com,google.com,category,0
1373,searspartsdirect.com,google.com,category,0
1374,primagames.com,google.com,category,0
1375,guchill.com,google.com,category,0
1376,radbeaver.com,google.com,category,0
1377,breakingisraelnews.com,google.com,category,0
1378,nicoclub.com,google.com,category,0
1379,100pics-answers.org,google.com,category,0
1380,tri-cityherald.com,google.com,category,0
1381,niezalezna.pl,google.com,category,0
1382,quickanddirtytips.com,google.com,category,0
1383,newsobserver.com,google.com,category,0
1384,noticiasaldiayalahora.co,google.com,category,0
1385,ls1tech.com,google.com,category,0
1386,earthtouchnews.com,google.com,category,0
1387,viversano.net,google.com,category,0
1388,hotcopper.com.au,google.com,category,0
1389,sport-fm.gr,google.com,category,0
1390,shanty-2-chic.com,google.com,category,0
1391,jezebel.com,google.com,category,0
1392,vosizneias.com,google.com,category,0
1393,followfollow.com,google.com,category,0
1394,egotastic.com,google.com,category,0
1395,funtude.com,google.com,category,0
1396,booshsports.com,google.com,category,0
1397,levelskip.com,google.com,category,0
1398,sharetap.it,google.com,category,0
1399,pepperscale.com,google.com,category,0
1400,pinoytva.com,google.com,category,0
1401,intoday.in,google.com,category,0
1402,thefantasyfootballers.com,google.com,category,0
1403,netizenbuzz.blogspot.com,google.com,category,0
1404,webtruyen.com,google.com,category,0
1405,mentalhealthdaily.com,google.com,category,0
1406,unewstv.com,google.com,category,0
1407,donnaclick.it,google.com,category,0
1408,espn.com,google.com,category,0
1409,anagrammer.com,google.com,category,0
1410,123movies.vg,google.com,category,0
1411,sewrella.com,google.com,category,0
1412,breatheheavy.com,google.com,category,0
1413,pildorasdefe.net,google.com,category,0
1414,spor.st,google.com,category,0
1415,stripes.com,google.com,category,0
1416,news9.com,google.com,category,0
1417,gottabemobile.com,google.com,category,0
1418,entimports.com,google.com,category,0
1419,healthhype.com,google.com,category,0
1420,vitadamamma.com,google.com,category,0
1421,oploverz.in,google.com,category,0
1422,mamapedia.com,google.com,category,0
1423,livingrichwithcoupons.com,google.com,category,0
1424,newstimes.net,google.com,category,0
1425,ukutabs.com,google.com,category,0
1426,popularmilitary.com,google.com,category,0
1427,nct.ne,google.com,category,0
1428,laguiadelasvitaminas.com,google.com,category,0
1429,op.gg,google.com,category,0
1430,digital-photography-school.com,google.com,category,0
1431,sanook.com,google.com,category,0
1432,am.com.mx,google.com,category,0
1433,dogtime.com,google.com,category,0
1434,webmotors.com.br,google.com,category,0
1435,wordunscrambler.net,google.com,category,0
1436,weaselzippers.us,google.com,category,0
1437,storypick.com,google.com,category,0
1438,craveonline.com,google.com,category,0
1439,theonion.com,google.com,category,0
1440,theautismsite.com,google.com,category,0
1441,laopinion.com,google.com,category,0
1442,catracalivre.com.br,google.com,category,0
1443,wrestlinginc.com,google.com,category,0
1444,ukulele-tabs.com,google.com,category,0
1445,theconservativetreehouse.com,google.com,category,0
1446,hugelol.com,google.com,category,0
1447,americateve.com,google.com,category,0
1448,americanpregnancy.org,google.com,category,0
1449,latercera.com,google.com,category,0
1450,kstp.com,google.com,category,0
1451,booktoan.com,google.com,category,0
1452,so-sew-easy.com,google.com,category,0
1453,clashroyalepedia.com,google.com,category,0
1454,lifeasastrawberry.com,google.com,category,0
1455,skai.gr,google.com,category,0
1456,fox8.com,google.com,category,0
1457,baomoi.com,google.com,category,0
1458,anallievent.com,google.com,category,0
1459,olm.vn,google.com,category,0
1460,davidwolfe.com,google.com,category,0
1461,mundodasmensagens.com,google.com,category,0
1462,careerplanner.com,google.com,category,0
1463,schoolspring.com,google.com,category,0
1464,newyorker.com,google.com,category,0
1465,eastwood.com,google.com,category,0
1466,tasteofcountry.com,google.com,category,0
1467,nwanime.tv,google.com,category,0
1468,seattletimes.com,google.com,category,0
1469,wvgazettemail.com,google.com,category,0
1470,bolavip.com,google.com,category,0
1471,swingcompleto.blogspot.com,google.com,category,0
1472,laxcrossword.com,google.com,category,0
1473,nrttv.com,google.com,category,0
1474,easynotecards.com,google.com,category,0
1475,funattic.com,google.com,category,0
1476,evz.ro,google.com,category,0
1477,blogspot.my,google.com,category,0
1478,greenme.it,google.com,category,0
1479,westeros.org,google.com,category,0
1480,fitfoodiefinds.com,google.com,category,0
1481,telly-news.com,google.com,category,0
1482,nate.com,google.com,category,0
1483,kickassfacts.com,google.com,category,0
1484,genius.com,google.com,category,0
1485,fmovies.io,google.com,category,0
1486,truyendammyhay.com,google.com,category,0
1487,senego.com,google.com,category,0
1488,gazzetta.it,google.com,category,0
1489,redbus2us.com,google.com,category,0
1490,heysigmund.com,google.com,category,0
1491,dearwendy.com,google.com,category,0
1492,myjoyonline.com,google.com,category,0
1493,trashtalk.co,google.com,category,0
1494,drweil.com,google.com,category,0
1495,thewrap.com,google.com,category,0
1496,cienradios.com,google.com,category,0
1497,mapsofworld.com,google.com,category,0
1498,dadcooksdinner.com,google.com,category,0
1499,1novels.com,google.com,category,0
1500,mp1st.com,google.com,category,0
1501,funonline.co.in,google.com,category,0
1502,bobvila.com,google.com,category,0
1503,undergroundjournalist.org,google.com,category,0
1504,cottercrunch.com,google.com,category,0
1505,quizony.com,google.com,category,0
1506,nextshark.com,google.com,category,0
1507,7novels.com,google.com,category,0
1508,whatscookingamerica.net,google.com,category,0
1509,newlypress.com,google.com,category,0
1510,tonghopdammyhoan.com,google.com,category,0
1511,dethikiemtra.com,google.com,category,0
1512,bitconnect.co,google.com,category,0
1513,regeneracion.mx,google.com,category,0
1514,sport.pl,google.com,category,0
1515,wrcbtv.com,google.com,category,0
1516,amazon-adsystem.com,google.com,category,0
1517,tnews.co.th,google.com,category,0
1518,googlesyndication.com,google.com,category,0
1519,gta5cheats.com,google.com,category,0
1520,hassannisar.pk,google.com,category,0
1521,telegraf.rs,google.com,category,0
1522,amazingribs.com,google.com,category,0
1523,eatingbirdfood.com,google.com,category,0
1524,beyondrealitynews.com,google.com,category,0
1525,truyencv.com,google.com,category,0
1526,garagesalefinder.com,google.com,category,0
1527,usasupreme.com,google.com,category,0
1528,manilatimes.net,google.com,category,0
1529,porquenosemeocurrio.net,google.com,category,0
1530,wtop.com,google.com,category,0
1531,fragrantica.com,google.com,category,0
1532,routard.com,google.com,category,0
1533,rivals.com,google.com,category,0
1534,express.pk,google.com,category,0
1535,theprp.com,google.com,category,0
1536,joebucsfan.com,google.com,category,0
1537,armytimes.com,google.com,category,0
1538,weblio.jp,google.com,category,0
1539,techlicious.com,google.com,category,0
1540,chsaanow.com,google.com,category,0
1541,racingnews.co,google.com,category,0
1542,ziare.com,google.com,category,0
1543,addicted2success.com,google.com,category,0
1544,rcn.com,google.com,category,0
1545,thegoddess.com,google.com,category,0
1546,jambase.com,google.com,category,0
1547,wunderground.com,google.com,category,0
1548,mysteriousuniverse.org,google.com,category,0
1549,xda-developers.com,google.com,category,0
1550,gizmodo.com,google.com,category,0
1551,gamea.co,google.com,category,0
1552,forreadingaddicts.co.uk,google.com,category,0
1553,unscramblewords.com,google.com,category,0
1554,puzzledragonx.com,google.com,category,0
1555,magicspoiler.com,google.com,category,0
1556,ridebmx.com,google.com,category,0
1557,psychicmonday.com,google.com,category,0
1558,gazette.com,google.com,category,0
1559,chatytvgratishd.me,google.com,category,0
1560,cutediyprojects.com,google.com,category,0
1561,gomiblog.com,google.com,category,0
1562,sopawfect.com,google.com,category,0
1563,adorocinema.com,google.com,category,0
1564,dailytext.net,google.com,category,0
1565,honestjohn.co.uk,google.com,category,0
1566,boredteachers.com,google.com,category,0
1567,thepinkarmadillo.com,google.com,category,0
1568,novelsnchill.com,google.com,category,0
1569,pora.ru,google.com,category,0
1570,growagoodlife.com,google.com,category,0
1571,theladders.com,google.com,category,0
1572,mynaturalfamily.com,google.com,category,0
1573,siasat.pk,google.com,category,0
1574,bdtonline.com,google.com,category,0
1575,matomeume.com,google.com,category,0
1576,mzamin.com,google.com,category,0
1577,pudelek.pl,google.com,category,0
1578,onedio.com,google.com,category,0
1579,macworld.co.uk,google.com,category,0
1580,majicatl.com,google.com,category,0
1581,101cookbooks.com,google.com,category,0
1582,thepoliticalvoice.com,google.com,category,0
1583,bongdaplus.vn,google.com,category,0
1584,apieceofrainbow.com,google.com,category,0
1585,scmp.com,google.com,category,0
1586,wwtdd.com,google.com,category,0
1587,theculturetrip.com,google.com,category,0
1588,si.com,google.com,category,0
1589,wifewine.com,google.com,category,0
1590,kcra.com,google.com,category,0
1591,ma-sh.info,google.com,category,0
1592,upsocl.com,google.com,category,0
1593,thepioneerwoman.com,google.com,category,0
1594,fameolousdaily.com,google.com,category,0
1595,lawyersfavorite.com,google.com,category,0
1596,simplycanning.com,google.com,category,0
1597,gmauthority.com,google.com,category,0
1598,cookthestory.com,google.com,category,0
1599,loveroms.com,google.com,category,0
1600,worldnewspolitics.com,google.com,category,0
1601,wineverygame.com,google.com,category,0
1602,pbfingers.com,google.com,category,0
1603,derwesten.de,google.com,category,0
1604,opinautos.com,google.com,category,0
1605,creativemag.net,google.com,category,0
1606,barrentobeautiful.com,google.com,category,0
1607,promotor.ro,google.com,category,0
1608,wis.pr,google.com,category,0
1609,variety.com,google.com,category,0
1610,dansessions.com,google.com,category,0
1611,bazaardaily.co.uk,google.com,category,0
1612,internazionale.it,google.com,category,0
1613,yummly.com,google.com,category,0
1614,goal.com,google.com,category,0
1615,mom4real.com,google.com,category,0
1616,thebump.com,google.com,category,0
1617,kueez.com,google.com,category,0
1618,mobilesyrup.com,google.com,category,0
1619,monster-wiki.com,google.com,category,0
1620,boxzatv.com,google.com,category,0
1621,9to5mac.com,google.com,category,0
1622,tribuneindia.com,google.com,category,0
1623,grammar-monster.com,google.com,category,0
1624,allfreecrochet.com,google.com,category,0
1625,newson6.com,google.com,category,0
1626,hawkeyenation.com,google.com,category,0
1627,hinchaamarillo.com,google.com,category,0
1628,liveuamap.com,google.com,category,0
1629,animeshow.tv,google.com,category,0
1630,anakkost.tv,google.com,category,0
1631,healtreatcure.org,google.com,category,0
1632,endtimeheadlines.org,google.com,category,0
1633,hani.co.kr,google.com,category,0
1634,magicseaweed.com,google.com,category,0
1635,downtrend.com,google.com,category,0
1636,blacksportsonline.com,google.com,category,0
1637,9gag.com,google.com,category,0
1638,tides4fishing.com,google.com,category,0
1639,gmfullsize.com,google.com,category,0
1640,thefederalist.com,google.com,category,0
1641,yeah1plus.com,google.com,category,0
1642,tasteofcinema.com,google.com,category,0
1643,panow.com,google.com,category,0
1644,lasthl.com,google.com,category,0
1645,tenorshare.com,google.com,category,0
1646,canadafreepress.com,google.com,category,0
1647,dramacools.to,google.com,category,0
1648,blessthismessplease.com,google.com,category,0
1649,wuxianation.com,google.com,category,0
1650,hixx.info,google.com,category,0
1651,myfox8.com,google.com,category,0
1652,fanpage.it,google.com,category,0
1653,poplyft.com,google.com,category,0
1654,arconai.tv,google.com,category,0
1655,mangasail.com,google.com,category,0
1656,sunnyskyz.com,google.com,category,0
1657,thelemonbowl.com,google.com,category,0
1658,techdirt.com,google.com,category,0
1659,botasot.info,google.com,category,0
1660,catholic.net,google.com,category,0
1661,laughfactory.com,google.com,category,0
1662,runningonrealfood.com,google.com,category,0
1663,sadanduseless.com,google.com,category,0
1664,kitchenstewardship.com,google.com,category,0
1665,lucianne.com,google.com,category,0
1666,herinterest.com,google.com,category,0
1667,eatwell101.com,google.com,category,0
1668,scippsnetworksinteractive.com,google.com,category,0
1669,gisher.org,google.com,category,0
1670,diffen.com,google.com,category,0
1671,ourbestbites.com,google.com,category,0
1672,cashbitbox.com,google.com,category,0
1673,sheknows.com,google.com,category,0
1674,guiainfantil.com,google.com,category,0
1675,fanlockerhq.com,google.com,category,0
1676,melty.fr,google.com,category,0
1677,news18.com,google.com,category,0
1678,thekeyplay.com,google.com,category,0
1679,pluzzle.me,google.com,category,0
1680,thegrandreport.com,google.com,category,0
1681,powder.com,google.com,category,0
1682,aboluowang.com,google.com,category,0
1683,americatv.com.ar,google.com,category,0
1684,americannewsx.com,google.com,category,0
1685,chordindonesia.com,google.com,category,0
1686,business-articles.net,google.com,category,0
1687,letraseningles.es,google.com,category,0
1688,readingeagle.com,google.com,category,0
1689,igdara.in.th,google.com,category,0
1690,ew.com,google.com,category,0
1691,hkfree.co,google.com,category,0
1692,kimscravings.com,google.com,category,0
1693,salon.com,google.com,category,0
1694,raisingthedead.ninja,google.com,category,0
1695,prophecynewswatch.com,google.com,category,0
1696,readms.net,google.com,category,0
1697,besthealthmag.ca,google.com,category,0
1698,societyofrock.com,google.com,category,0
1699,wishesndishes.com,google.com,category,0
1700,mrfood.com,google.com,category,0
1701,unica.ro,google.com,category,0
1702,thehappierhomemaker.com,google.com,category,0
1703,kotlet.tv,google.com,category,0
1704,ezp9.com,google.com,category,0
1705,publixsavings101.com,google.com,category,0
1706,dogbreedinfo.com,google.com,category,0
1707,quibblo.com,google.com,category,0
1708,thefactsite.com,google.com,category,0
1709,youngja.org,google.com,category,0
1710,showbiz411.com,google.com,category,0
1711,thecoli.com,google.com,category,0
1712,obsev.com,google.com,category,0
1713,iranproud2.com,google.com,category,0
1714,gradesaver.com,google.com,category,0
1715,rocketmanajemen.com,google.com,category,0
1716,kimchionnamatome.net,google.com,category,0
1717,wideopeneats.com,google.com,category,0
1718,kiddnation.com,google.com,category,0
1719,maho.jp,google.com,category,0
1720,iask.ca,google.com,category,0
1721,elconfidencial.com,google.com,category,0
1722,playbuzz.com,google.com,category,0
1723,puckermom.com,google.com,category,0
1724,moviestarplanet.fr,google.com,category,0
1725,samorazvitie.org,google.com,category,0
1726,brandongaille.com,google.com,category,0
1727,filmingcops.com,google.com,category,0
1728,tiresize.com,google.com,category,0
1729,phunugiadinh.vn,google.com,category,0
1730,filmibeat.com,google.com,category,0
1731,thisisgoodgood.com,google.com,category,0
1732,realitytea.com,google.com,category,0
1733,discuss.com.hk,google.com,category,0
1734,astrolis.com,google.com,category,0
1735,ozee.com,google.com,category,0
1736,sdna.gr,google.com,category,0
1737,earthquaketrack.com,google.com,category,0
1738,fox6now.com,google.com,category,0
1739,wthr.com,google.com,category,0
1740,qklnk.co,google.com,category,0
1741,pickyourown.org,google.com,category,0
1742,wbusinesses.com,google.com,category,0
1743,the18.com,google.com,category,0
1744,geektyrant.com,google.com,category,0
1745,blogspot.cl,google.com,category,0
1746,asianwiki.com,google.com,category,0
1747,jutarnji.hr,google.com,category,0
1748,metropoles.com,google.com,category,0
1749,psychcentral.com,google.com,category,0
1750,elclubdeloslibrosperdidos.org,google.com,category,0
1751,ilsignordistruggere.com,google.com,category,0
1752,mangalam.com,google.com,category,0
1753,tahoeyukonforum.com,google.com,category,0
1754,sport5.co.il,google.com,category,0
1755,usssalive.com,google.com,category,0
1756,theshabbycreekcottage.com,google.com,category,0
1757,frontpageafricaonline.com,google.com,category,0
1758,gagadaily.com,google.com,category,0
1759,celebmafia.com,google.com,category,0
1760,geeksforgeeks.org,google.com,category,0
1761,trendingposts.club,google.com,category,0
1762,livescience.com,google.com,category,0
1763,thefunnybeaver.com,google.com,category,0
1764,turtleboysports.com,google.com,category,0
1765,independent.co.uk,google.com,category,0
1766,answersking.com,google.com,category,0
1767,eastbaytimes.com,google.com,category,0
1768,bustle.com,google.com,category,0
1769,dailythanthi.com,google.com,category,0
1770,henrymakow.com,google.com,category,0
1771,houstonherald.com,google.com,category,0
1772,lifewithmylittles.com,google.com,category,0
1773,publico.es,google.com,category,0
1774,salahtimes.com,google.com,category,0
1775,putlocker.sk,google.com,category,0
1776,sportsline.com,google.com,category,0
1777,curejoy.com,google.com,category,0
1778,manhuagui.com,google.com,category,0
1779,mmominds.com,google.com,category,0
1780,seterra.com,google.com,category,0
1781,misteriomundial.com,google.com,category,0
1782,diretube.com,google.com,category,0
1783,cuidateplus.com,google.com,category,0
1784,belloflostsouls.net,google.com,category,0
1785,theveteranssite.com,google.com,category,0
1786,channel4.com,google.com,category,0
1787,top-hashtags.com,google.com,category,0
1788,behindwoods.com,google.com,category,0
1789,tribune.com.pk,google.com,category,0
1790,virginiamn.com,google.com,category,0
1791,somewhatsimple.com,google.com,category,0
1792,foreverymom.com,google.com,category,0
1793,tubitv.com,google.com,category,0
1794,anoregoncottage.com,google.com,category,0
1795,poradnikzdrowie.pl,google.com,category,0
1796,mom365.com,google.com,category,0
1797,wgntv.com,google.com,category,0
1798,conservative101.com,google.com,category,0
1799,collider.com,google.com,category,0
1800,domesticsuperhero.com,google.com,category,0
1801,campusreform.org,google.com,category,0
1802,sweetashoney.co,google.com,category,0
1803,androidpit.com,google.com,category,0
1804,palmerreport.com,google.com,category,0
1805,spikeybits.com,google.com,category,0
1806,yachtworld.com,google.com,category,0
1807,designertrapped.com,google.com,category,0
1808,bangkokbiznews.com,google.com,category,0
1809,rankandstyle.com,google.com,category,0
1810,comingsoon.net,google.com,category,0
1811,lecturas.com,google.com,category,0
1812,koreadailyus.com,google.com,category,0
1813,almomento.net,google.com,category,0
1814,immoweb.be,google.com,category,0
1815,pickledplum.com,google.com,category,0
1816,lonerwolf.com,google.com,category,0
1817,homeremedyhacks.com,google.com,category,0
1818,springnews.co.th,google.com,category,0
1819,scholarships.com,google.com,category,0
1820,electrek.co,google.com,category,0
1821,pe.com,google.com,category,0
1822,movoto.com,google.com,category,0
1823,picksandparlays.net,google.com,category,0
1824,thenarrativetimes.org,google.com,category,0
1825,newsday.co.tt,google.com,category,0
1826,periodistadigital.com,google.com,category,0
1827,bloodpressureok.com,google.com,category,0
1828,ouvirmusica.com.br,google.com,category,0
1829,liveonlineradio.net,google.com,category,0
1830,icecreamconvos.com,google.com,category,0
1831,exemplore.com,google.com,category,0
1832,pipandebby.com,google.com,category,0
1833,deccanchronicle.com,google.com,category,0
1834,frostsnow.com,google.com,category,0
1835,al-marsd.com,google.com,category,0
1836,mathgoodies.com,google.com,category,0
1837,lockerroomvip.com,google.com,category,0
1838,sportzwiki.com,google.com,category,0
1839,spiceee.net,google.com,category,0
1840,worldofwarships.com,google.com,category,0
1841,destinykd.com,google.com,category,0
1842,womangettingmarried.com,google.com,category,0
1843,incredibile.guru,google.com,category,0
1844,pickup-lines.net,google.com,category,0
1845,freedrama.net,google.com,category,0
1846,sunsigns.org,google.com,category,0
1847,mafaro.co.uk,google.com,category,0
1848,blastingnews.com,google.com,category,0
1849,yugioh-resaler.com,google.com,category,0
1850,catfly.com,google.com,category,0
1851,roleplayrepublic.com,google.com,category,0
1852,natursan.net,google.com,category,0
1853,forosdelavirgen.org,google.com,category,0
1854,essentialoilsanctuary.com,google.com,category,0
1855,eclypsia.com,google.com,category,0
1856,punchng.com,google.com,category,0
1857,bleedingcool.com,google.com,category,0
1858,jqpublicblog.com,google.com,category,0
1859,djiboutijones.com,google.com,category,0
1860,aljazeera.com,google.com,category,0
1861,lne.es,google.com,category,0
1862,wprost.pl,google.com,category,0
1863,celebuzz.com,google.com,category,0
1864,ccm.net,google.com,category,0
1865,playingcards.jp,google.com,category,0
1866,deccanherald.com,google.com,category,0
1867,doityourself.com,google.com,category,0
1868,jamaicanmateyangroupie.com,google.com,category,0
1869,rent.com,google.com,category,0
1870,petharbor.com,google.com,category,0
1871,barstoolsports.com,google.com,category,0
1872,conservativepost.com,google.com,category,0
1873,riverfronttimes.com,google.com,category,0
1874,pwmania.com,google.com,category,0
1875,xn--bdka7fb.jp,google.com,category,0
1876,barnfinds.com,google.com,category,0
1877,lifescript.com,google.com,category,0
1878,ibtimes.co.uk,google.com,category,0
1879,theprettybee.com,google.com,category,0
1880,thecozyapron.com,google.com,category,0
1881,christiannewsalerts.com,google.com,category,0
1882,forwardprogressives.com,google.com,category,0
1883,eregulations.com,google.com,category,0
1884,okmagazine.ro,google.com,category,0
1885,frasesparainsta.com.br,google.com,category,0
1886,automobile-catalog.com,google.com,category,0
1887,carscoops.com,google.com,category,0
1888,redmondpie.com,google.com,category,0
1889,space.com,google.com,category,0
1890,whatchristianswanttoknow.com,google.com,category,0
1891,freejinger.org,google.com,category,0
1892,microsoftcasualgames.com,google.com,category,0
1893,towleroad.com,google.com,category,0
1894,tpww.net,google.com,category,0
1895,ca.it,google.com,category,0
1896,r7.com,google.com,category,0
1897,foodbeast.com,google.com,category,0
1898,ndnation.com,google.com,category,0
1899,watchersonthewall.com,google.com,category,0
1900,thealternativedaily.com,google.com,category,0
1901,washingtontimes.com,google.com,category,0
1902,thesimsresource.com,google.com,category,0
1903,heraldextra.com,google.com,category,0
1904,funology.com,google.com,category,0
1905,soapoperadigest.com,google.com,category,0
1906,bhg.com,google.com,category,0
1907,freestufffinder.com,google.com,category,0
1908,dailynews.co.th,google.com,category,0
1909,samurai-gamers.com,google.com,category,0
1910,sakshi.com,google.com,category,0
1911,elkhabar.com,google.com,category,0
1912,fullbooks.net,google.com,category,0
1913,assistindo.org,google.com,category,0
1914,politicsnc.com,google.com,category,0
1915,hiphopwired.com,google.com,category,0
1916,rollingout.com,google.com,category,0
1917,apkpure.com,google.com,category,0
1918,watchseriesmovie.com,google.com,category,0
1919,cancan.ro,google.com,category,0
1920,oddstuffmagazine.com,google.com,category,0
1921,physicsforums.com,google.com,category,0
1922,samachar.com,google.com,category,0
1923,e-chords.com,google.com,category,0
1924,asda.com,google.com,category,0
1925,appclarify.com,google.com,category,0
1926,beforeitsnews.com,google.com,category,0
1927,kenhsao.net,google.com,category,0
1928,realclearsports.com,google.com,category,0
1929,mensjournal.com,google.com,category,0
1930,myaquariumclub.com,google.com,category,0
1931,ozzyman.com,google.com,category,0
1932,dziennik.pl,google.com,category,0
1933,thesurvivaldoctor.com,google.com,category,0
1934,cheatsheet.com,google.com,category,0
1935,myheartbeets.com,google.com,category,0
1936,tunefind.com,google.com,category,0
1937,speedsociety.com,google.com,category,0
1938,almasryalyoum.com,google.com,category,0
1939,financialpost.com,google.com,category,0
1940,homedit.com,google.com,category,0
1941,styletic.com,google.com,category,0
1942,missmustardseed.com,google.com,category,0
1943,elhoroscopodehoy.es,google.com,category,0
1944,tf1.fr,google.com,category,0
1945,tamiltvshows.net,google.com,category,0
1946,blackgirllonghair.com,google.com,category,0
1947,tvpoolonline.com,google.com,category,0
1948,mixthatdrink.com,google.com,category,0
1949,survive-ark.com,google.com,category,0
1950,unbiasedwriter.com,google.com,category,0
1951,vintagesynth.com,google.com,category,0
1952,macrumors.com,google.com,category,0
1953,dek-d.com,google.com,category,0
1954,tasteofhome.com,google.com,category,0
1955,mommypage.com,google.com,category,0
1956,waow.com,google.com,category,0
1957,primewire.ag,google.com,category,0
1958,wweek.com,google.com,category,0
1959,toywiz.com,google.com,category,0
1960,hr-portal.ru,google.com,category,0
1961,thebewitchinkitchen.com,google.com,category,0
1962,alexandracooks.com,google.com,category,0
1963,cope.es,google.com,category,0
1964,lci.fr,google.com,category,0
1965,webconsultas.com,google.com,category,0
1966,hant.se,google.com,category,0
1967,technipages.com,google.com,category,0
1968,hobbylark.com,google.com,category,0
1969,thefrugalgirls.com,google.com,category,0
1970,buzzle.com,google.com,category,0
1971,mmo-champion.com,google.com,category,0
1972,fox13now.com,google.com,category,0
1973,vancouversun.com,google.com,category,0
1974,sportsfeelgoodstories.com,google.com,category,0
1975,diariocordoba.com,google.com,category,0
1976,occupydemocrats.com,google.com,category,0
1977,inhabitat.com,google.com,category,0
1978,beautifulnara.com,google.com,category,0
1979,weathernationtv.com,google.com,category,0
1980,smalltownwoman.com,google.com,category,0
1981,bab.la,google.com,category,0
1982,ceticismopolitico.com,google.com,category,0
1983,forocoches.com,google.com,category,0
1984,bluedotdaily.com,google.com,category,0
1985,beauties.life,google.com,category,0
1986,marunadanmalayali.com,google.com,category,0
1987,aol.com,google.com,category,0
1988,3rbiyat.com,google.com,category,0
1989,liberalsunited.com,google.com,category,0
1990,ddanzi.com,google.com,category,0
1991,dailyvoice.com,google.com,category,0
1992,hiiraan.com,google.com,category,0
1993,thehockeywriters.com,google.com,category,0
1994,urbanintellectuals.com,google.com,category,0
1995,celebrityinsider.org,google.com,category,0
1996,bust.com,google.com,category,0
1997,espreso.rs,google.com,category,0
1998,desirulez.me,google.com,category,0
1999,ballislife.com,google.com,category,0
2000,bomtan.org,google.com,category,0
2001,imgur.com,google.com,category,0
2002,justmansbestfriendforlife.com,google.com,category,0
2003,uesp.net,google.com,category,0
2004,pennypinchinmom.com,google.com,category,0
2005,epochtimes.de,google.com,category,0
2006,curiousmindmagazine.com,google.com,category,0
2007,joblo.com,google.com,category,0
2008,purposegames.com,google.com,category,0
2009,deperu.com,google.com,category,0
2010,michaelsavage.com,google.com,category,0
2011,wwfoldschool.com,google.com,category,0
2012,lifebuzz.com,google.com,category,0
2013,musthavemom.com,google.com,category,0
2014,sojo.net,google.com,category,0
